Sorting Plate ID	Sorting Well ID	Neutralization	Transfection Plate ID	IGHV;IGHJ Rearrangement	HCDR3Length_AA	VH-MuFreq %	Neutralization Wuhan IC100 (ng/mL)	Neutralization XBB.1.5  IC100 (ng/mL)	Neutralization EG.5.1.1 IC100 (ng/mL)	Neutralization BA.2.86 IC100 (ng/mL)	Neutralization JN.1 IC100 (ng/mL)	Binding Profile 	Competition	Phagocytosis WT_MFI	ELISA XBB.1.5	OD ELISA XBB.1.5 	Phagocytosis XBB.1.5_MFI	Phagocytosis XBB.1.5_Category	ELISA BA.2.86	ELISA BA.2.86 OD	Phagocytosis BA.2.86_MFI	Phagocytosis BA.2.86_Category	Complement WT_MFI	Complement WT_level	Complement  XBB.1.5	Complement  XBB.1.5_Category	Complement BA.2.86_MFI	Complement BA.2.86_category
HYBRID_VAC_TLS009_Plate 1	B04	SARS-CoV-2	PLATE1_F05				226.16	100000.00	100000.00	100000.00	100000.00	NTD	4A8	1421328.853		0.09555				0.097			17738.1	medium				
HYBRID_VAC_TLS009_Plate 1	B09	SARS-CoV-2	PLATE1_F06	IGHV3-66;IGHJ4-1	12	8.45	222.51	62.94	524.79	100000.00	1707.88	RBD	Class 1/2	1145028.8	yes	1.31585	663456.7	medium	yes	0.396	469678.3	Medium	4809.9	low	1287.0	N/A	712.3	N/A
HYBRID_VAC_TLS009_Plate 1	B18	SARS-CoV-2	PLATE1_F07	IGHV3-23;IGHJ4-1	14	9.06	17.17	100000.00	100000.00	100000.00	100000.00	RBD	Class 1/2	1343182.8		0.1125				0.091			12406.2	low				
HYBRID_VAC_TLS009_Plate 1	B22	SARS-CoV-2	PLATE1_F08	IGHV3-23;IGHJ6-1	19	5.92	39.35	100000.00	100000.00	100000.00	100000.00	RBD	Class 1/2	1185137.6		0.09595				0.099			8041.3	low				
HYBRID_VAC_TLS009_Plate 1	E21	SARS-CoV-2	PLATE1_F10	IGHV1-24;IGHJ5-1	14	8.33	129.30	100000.00	100000.00	100000.00	100000.00	NTD	4A8	1414690.591		0.0873				0.108			8978.7	low				
HYBRID_VAC_TLS009_Plate 1	F03	SARS-CoV-2	PLATE1_F11	IGHV2-70;IGHJ6-1	20	6.19	28.38	100000.00	100000.00	100000.00	100000.00	RBD	Class 3	1113852.3		0.09425				0.120			26901.0	medium				
HYBRID_VAC_TLS009_Plate 1	G10	SARS-CoV-2	PLATE1_F12	IGHV5-a;IGHJ4-1	14	1.75	89.98	100000.00	100000.00	100000.00	209.54	RBD	Class 3	1338579.8	yes	0.6133	422026.0	medium	yes	0.701	532646.1	Medium	14697.3	low	5696.1	Low	8535.3	Low
HYBRID_VAC_TLS009_Plate 1	G19	SARS-CoV-2	PLATE1_G01	IGHV3-64;IGHJ6-1	16	5.90	654.92	100000.00	100000.00	100000.00	100000.00	NTD	4A8	837581.0484		0.11455				0.129			16979.9	medium				
HYBRID_VAC_TLS009_Plate 1	G20	SARS-CoV-2	PLATE1_G02	IGHV3-21;IGHJ6-1	21	8.01	17.17	100000.00	100000.00	100000.00	100000.00	RBD	Class 1/2	782280.8	yes	0.5683	4901.3	N/A		0.133			11498.3	low	5343.6	Low		
HYBRID_VAC_TLS009_Plate 1	G21	SARS-CoV-2	PLATE1_G03	IGHV3-66;IGHJ4-1	12	7.72	192.80	340.83	100000.00	72.10	100000.00	RBD	Class 1/2	763775.3	yes	1.32245	341600.0	Low	yes	0.716	171277.0	Low	3229.8	N/A	2109.2	N/A	869.0	N/A
HYBRID_VAC_TLS009_Plate 1	H04	SARS-CoV-2	PLATE1_G04	IGHV1-69;IGHJ5-1	20	10.76	57.46	100000.00	100000.00	100000.00	100000.00	RBD	Class 1/2	1098186.2		0.0841				0.086			14916.7	low				
HYBRID_VAC_TLS009_Plate 1	H21	SARS-CoV-2	PLATE1_G06	IGHV4-31;IGHJ4-1	15	9.97	250.12	55.27	25.50	12.75	25.50	RBD	Class 1/2	866915.1	yes	1.4519	767148.4	medium	yes	0.408	519604.1	Medium	2894.4	N/A	1307.7	N/A	1089.5	N/A
HYBRID_VAC_TLS009_Plate 1	I04	SARS-CoV-2	PLATE1_G07	IGHV3-49;IGHJ4-1	16	4.44	36.73	100000.00	100000.00	100000.00	100000.00	RBD	Class 1/2	1094535.5		0.125				0.109			9030.2	low				
HYBRID_VAC_TLS009_Plate 1	L08	SARS-CoV-2	PLATE1_G12				2951.61	100000.00	100000.00	100000.00	100000.00	RBD	Not competing	263775.8		0.1221				0.116			3515.0	N/A				
HYBRID_VAC_TLS009_Plate 1	L10	SARS-CoV-2	PLATE1_H01	IGHV1-2;IGHJ6-1	15	5.56	126.19	100000.00	100000.00	100000.00	100000.00	RBD	Class 1/2	1595533.5		0.10395				0.129			9705.1	low				
HYBRID_VAC_TLS009_Plate 1	M05	SARS-CoV-2	PLATE1_H02	IGHV2-70;IGHJ6-1	20	6.92	14.91	100000.00	100000.00	100000.00	100000.00	RBD	Class 3	1034072.9		0.1136				0.135			27788.7	medium				
HYBRID_VAC_TLS009_Plate 1	M15	SARS-CoV-2	PLATE1_H03	IGHV3-33;IGHJ6-1	14	5.57	131.32	100000.00	100000.00	100000.00	100000.00	NTD	4A8	1272326.613		0.0932				0.121			26179.0	medium				
HYBRID_VAC_TLS009_Plate 1	N02	SARS-CoV-2	PLATE1_H04	IGHV3-21;IGHJ6-1	11	4.88	158.22	100000.00	100000.00	100000.00	100000.00	NTD	4A8	842416.6667		0.09575				0.104			12893.2	low				
HYBRID_VAC_TLS009_Plate 1	N03	SARS-CoV-2	PLATE1_H05	IGHV1-69;IGHJ5-1	17	10.42	62.83	100000.00	100000.00	100000.00	100000.00	RBD	Class 1/2	1213511.8		0.08845				0.093			11834.6	low				
HYBRID_VAC_TLS009_Plate 1	N18	SARS-CoV-2	PLATE1_H06	IGHV2-70;IGHJ6-1	20	4.15	9.66	100000.00	100000.00	100000.00	100000.00	RBD	Class 3	1056856.6		0.09685				0.095			27078.1	medium				
HYBRID_VAC_TLS009_Plate 1	N19	SARS-CoV-2	PLATE1_H07	IGHV1-2;IGHJ6-1	19	9.38	528.14	100000.00	100000.00	100000.00	100000.00	RBD	Class 1/2	643253.6		0.0963				0.095			9099.0	low				
HYBRID_VAC_TLS009_Plate 1	N20	SARS-CoV-2	PLATE1_H08	IGHV2-70;IGHJ6-1	20	5.84	10.75	100000.00	100000.00	100000.00	100000.00	RBD	Class 3	1083704.0		0.08805				0.083			29988.0	medium				
HYBRID_VAC_TLS009_Plate 1	O06	SARS-CoV-2	PLATE1_H09	IGHV1-18;IGHJ4-1	15	8.33	15.23	100000.00	100000.00	100000.00	100000.00	RBD	Class 3	1086254.3		0.12165			yes	0.200	488568.9	Medium	21008.4	medium			7487.8	Low
HYBRID_VAC_TLS009_Plate 1	O14	SARS-CoV-2	PLATE1_H10	IGHV3-21;IGHJ6-1	11	3.48	478.95	100000.00	100000.00	100000.00	100000.00	NTD	4A8	952144.8925		0.09355				0.096			12673.6	low				
HYBRID_VAC_TLS009_Plate 1	O18	SARS-CoV-2	PLATE1_H12	IGHV1-18;IGHJ4-1	15	9.72	42.68	100000.00	100000.00	1429.36	100000.00	RBD	Class 3	1360767.9	yes	0.19315	14207.7	N/A	yes	0.344	524629.0	Medium	16560.0	medium	5418.5	Low	7573.8	Low
HYBRID_VAC_TLS009_Plate 2	B16	SARS-CoV-2	PLATE2_A03	IGHV2-5;IGHJ4-1	14	4.47	18.54	100000.00	100000.00	100000.00	100000.00	RBD	Class 3	1279744.4		0.08955				0.128			20675.0	medium				
HYBRID_VAC_TLS009_Plate 2	B18	SARS-CoV-2	PLATE2_A04	IGHV4-31;IGHJ4-1	15	7.22	203.50	508.75	100000.00	589.40	100000.00	RBD	Class 1/2	1174896.1	yes	1.24055	525276.3	medium	yes	0.619	378918.6	Low	4548.0	low	4785.3	Low	5861.4	Low
HYBRID_VAC_TLS009_Plate 2	B22	SARS-CoV-2	PLATE2_A05	IGHV4-34;IGHJ2-1	19	8.42	70.79	100000.00	100000.00	100000.00	100000.00	RBD	Class 1/2	963008.5	yes	0.69235	4106.0	N/A		0.095			11435.7	low	6869.5	Low		
HYBRID_VAC_TLS009_Plate 2	C12	SARS-CoV-2	PLATE2_A06	IGHV1-18;IGHJ4-1	15	7.34	17.91	100000.00	100000.00	5297.49	100000.00	RBD	Class 3	1345396.0	yes	0.30655	269621.1	Low	yes	0.213	474434.6	Medium	20888.0	medium	9107.7	Low	5042.9	Low
HYBRID_VAC_TLS009_Plate 2	C16	SARS-CoV-2	PLATE2_A07	IGHV2-5;IGHJ4-1	13	6.53	13.44	100000.00	100000.00	100000.00	100000.00	RBD	Class 3	1394528.6		0.12505				0.109			22403.3	medium				
HYBRID_VAC_TLS009_Plate 2	C18	SARS-CoV-2	PLATE2_A08	IGHV3-7;IGHJ4-1	0	5.57	143.60	100000.00	100000.00	100000.00	100000.00	RBD	Class 1/2	833962.2		0.1429				0.116			5432.8	low				
HYBRID_VAC_TLS009_Plate 2	D03	SARS-CoV-2	PLATE2_A09				111.76	100000.00	100000.00	100000.00	100000.00	RBD	Class 1/2	988500.0	yes	0.42	11196.6	N/A		0.179			4463.3	low	6601.7	Low		
HYBRID_VAC_TLS009_Plate 2	D08	SARS-CoV-2	PLATE2_A10				22.02	100000.00	100000.00	100000.00	100000.00	RBD	Class 3	1275613.0		0.1114				0.191			39198.3	high				
HYBRID_VAC_TLS009_Plate 2	D10	SARS-CoV-2	PLATE2_A11	IGHV2-70;IGHJ6-1	20	3.11	30.82	100000.00	100000.00	100000.00	100000.00	RBD	Class 3	880121.6		0.12235				0.112			24822.5	medium				
HYBRID_VAC_TLS009_Plate 2	D19	SARS-CoV-2	PLATE2_A12	IGHV3-53;IGHJ4-1	12	8.07	228.58	808.14	100000.00	100000.00	100000.00	RBD	Class 1/2	689812.9	yes	1.2874	613133.9	medium	yes	1.313	349643.9	Low	4656.5	low	7268.1	Low	7598.4	Low
HYBRID_VAC_TLS009_Plate 2	E02	SARS-CoV-2	PLATE2_B01	IGHV5-a;IGHJ4-1	14	2.11	20.94	100000.00	100000.00	141.30	282.59	RBD	Class 3	1077029.2	yes	1.1735	551606.8	medium	yes	1.572	401902.0	Medium	34597.3	high	13218.4	Low	8641.2	Low
HYBRID_VAC_TLS009_Plate 2	F17	SARS-CoV-2	PLATE2_B05				11.34	100000.00	100000.00	100000.00	100000.00	RBD	Class 1/2	1287890.6		0.09755				0.096			17082.1	medium				
HYBRID_VAC_TLS009_Plate 2	F19	SARS-CoV-2	PLATE2_B06	IGHV5-a;IGHJ4-1	14	2.46	33.05	100000.00	100000.00	100000.00	100000.00	RBD	Class 3	869826.0		0.1126			yes	0.230	240494.1	Low	38505.4	high			9956.7	Low
HYBRID_VAC_TLS009_Plate 2	F22	SARS-CoV-2	PLATE2_B08	IGHV3-30;IGHJ4-1	17	3.82	1393.62	100000.00	100000.00	100000.00	100000.00	NTD	4A8	909064.3369		0.1055				0.101			11281.1	low				
HYBRID_VAC_TLS009_Plate 2	G02	SARS-CoV-2	PLATE2_B10	IGHV1-69;IGHJ5-1	18	4.51	550.60	100000.00	100000.00	100000.00	100000.00	RBD	Class 1/2	320263.4		0.13395				0.116			3943.3	N/A				
HYBRID_VAC_TLS009_Plate 2	G19	SARS-CoV-2	PLATE2_B11	IGHV5-a;IGHJ4-1	14	7.72	12.40	100000.00	100000.00	116.57	329.70	RBD	Class 3	1263486.6	yes	0.42145	339811.3	Low	yes	1.113	453031.5	Medium	36669.6	high	9700.6	Low	8963.8	Low
HYBRID_VAC_TLS009_Plate 2	H21	SARS-CoV-2	PLATE2_B12	IGHV3-74;IGHJ4-1	13	5.23	400.04	100000.00	100000.00	100000.00	100000.00	NTD	4A8	1031797.491		0.1297			yes	0.199	524.7	N/A	24832.9	medium			6909.8	N/A
HYBRID_VAC_TLS009_Plate 2	I07	SARS-CoV-2	PLATE2_C01	IGHV3-21;IGHJ6-1	21	10.45	26.25	100000.00	100000.00	100000.00	100000.00	RBD	Class 1/2	697394.2	yes	0.73285	155088.2	Low		0.155			11179.7	low	4598.3	Low		
HYBRID_VAC_TLS009_Plate 2	I08	SARS-CoV-2	PLATE2_C02	IGHV1-46;IGHJ4-1	16	6.25	46.97	100000.00	100000.00	100000.00	100000.00	RBD	Class 3	1015325.3		0.10835				0.134			25294.6	medium				
HYBRID_VAC_TLS009_Plate 2	J07	SARS-CoV-2	PLATE2_C05	IGHV3-66;IGHJ4-1	12	9.47	356.00	1258.66	100000.00	100000.00	100000.00	RBD	Class 1/2	855001.4	yes	0.9938	538524.4	medium	yes	0.328	416815.4	Medium	6008.9	low	6224.7	Low	7457.9	Low
HYBRID_VAC_TLS009_Plate 2	J12	SARS-CoV-2	PLATE2_C06	IGHV5-a;IGHJ4-1	14	4.56	26.07	100000.00	100000.00	833.21	1666.41	RBD	Class 3	634149.2	yes	0.2242	109831.1	Low	yes	0.197	388822.3	Low	43818.9	high	5031.0	Low	8465.5	Low
HYBRID_VAC_TLS009_Plate 2	J18	SARS-CoV-2	PLATE2_C07	IGHV1-69;IGHJ4-1	16	7.99	8.90	100000.00	100000.00	100000.00	100000.00	RBD	Class 1/2	872200.6		0.10315				0.090			12736.4	low				
HYBRID_VAC_TLS009_Plate 2	J20	SARS-CoV-2	PLATE2_C08				242.60	100000.00	100000.00	100000.00	100000.00	NTD	4A8	1265238.71		0.1008				0.099			23354.4	medium				
HYBRID_VAC_TLS009_Plate 2	K14	SARS-CoV-2	PLATE2_C09	IGHV3-53;IGHJ4-1	9	5.26	192.76	240.95	100000.00	784.11	100000.00	RBD	Class 1/2	756641.9	yes	0.81455	261983.1	Low	yes	0.314	178559.4	Low	7975.0	low	2463.5	N/A	1495.8	N/A
HYBRID_VAC_TLS009_Plate 2	L05	SARS-CoV-2	PLATE2_C10	IGHV1-69;IGHJ5-1	17	5.21	22.63	100000.00	100000.00	100000.00	100000.00	RBD	Class 1/2	1239910.8	yes	0.1957	187.8	N/A		0.186			16509.3	medium	6071.6	Low		
HYBRID_VAC_TLS009_Plate 2	L14	SARS-CoV-2	PLATE2_C12	IGHV3-30;IGHJ6-1	16	5.21	32.15	100000.00	100000.00	100000.00	100000.00	NTD	4A8	1066387.634		0.14805			yes	0.193	547.2	N/A	18876.1	medium			0.0	N/A
HYBRID_VAC_TLS009_Plate 2	M03	SARS-CoV-2	PLATE2_D01	IGHV3-33;IGHJ6-1	16	0.69	811.76	100000.00	100000.00	100000.00	100000.00	NTD	4A8	645909.6774		0.1094				0.163			11937.8	low				
HYBRID_VAC_TLS009_Plate 2	M14	SARS-CoV-2	PLATE2_D03	IGHV4-31;IGHJ6-1	21	1.72	418.43	100000.00	100000.00	100000.00	100000.00	NTD	4A8	921311.9176		0.1397				0.176			13008.9	low				
HYBRID_VAC_TLS009_Plate 2	N06	SARS-CoV-2	PLATE2_D04	IGHV5-a;IGHJ4-1	14	5.96	21.73	100000.00	100000.00	326.74	653.49	RBD	Class 3	1685438.2	yes	0.2617	258042.3	Low	yes	0.312	400712.9	Medium	38424.9	high	9641.4	Low	8243.0	Low
HYBRID_VAC_TLS009_Plate 2	N11	SARS-CoV-2	PLATE2_D05	IGHV3-66;IGHJ4-1	10	6.34	705.50	100000.00	100000.00	100000.00	100000.00	RBD	Class 1/2	713756.3	yes	0.49365	238644.4	Low		0.134			9417.8	low	6449.6	Low		
HYBRID_VAC_TLS009_Plate 2	N20	SARS-CoV-2	PLATE2_D07	IGHV1-69;IGHJ6-1	19	3.13	58.45	100000.00	100000.00	100000.00	100000.00	RBD	Class 1/2	849176.4	yes	0.3168	1664.6	N/A	yes	0.226	202873.4	Low	4313.8	low	6317.6	Low	9064.0	Low
HYBRID_VAC_TLS009_Plate 2	O02	SARS-CoV-2	PLATE2_D09	IGHV1-2;IGHJ6-1	19	6.94	1630.21	100000.00	100000.00	100000.00	100000.00	RBD	Not competing	618180.6		0.13395				0.101			13939.8	low				
HYBRID_VAC_TLS009_Plate 2	O07	SARS-CoV-2	PLATE2_D10	IGHV1-69;IGHJ4-1	15	10.07	20.26	100000.00	100000.00	100000.00	100000.00	RBD	Class 1/2	1111218.2		0.12165				0.137			7146.5	low				
HYBRID_VAC_TLS009_Plate 3	B09	SARS-CoV-2	PLATE2_D11				18.66	100000.00	100000.00	100000.00	100000.00	RBD	Class 3	1324879.0		0.10785			yes	0.333	185008.3	Low	34113.8	high			9391.7	Low
HYBRID_VAC_TLS009_Plate 3	C07	SARS-CoV-2	PLATE2_D12				754.00	235.63	100000.00	99.76	100000.00	RBD	Class 1/2	699541.2	yes	1.76765	298421.3	Low	yes	1.167	208814.9	Low	6974.4	low	6806.1	Low	1638.0	N/A
HYBRID_VAC_TLS009_Plate 3	C23	SARS-CoV-2	PLATE2_E02	IGHV1-18;IGHJ4-1	15	11.46	11.89	100000.00	100000.00	100000.00	100000.00	RBD	Class 3	1120503.6	yes	0.3253	1130.4	N/A	yes	0.690	530642.2	Medium	24269.8	medium	6869.5	Low	8030.7	Low
HYBRID_VAC_TLS009_Plate 3	D03	SARS-CoV-2	PLATE2_E03	IGHV2-5;IGHJ4-1	13	7.56	42.89	100000.00	100000.00	100000.00	100000.00	RBD	Class 3	1086504.3		0.15875				0.170			26631.1	medium				
HYBRID_VAC_TLS009_Plate 3	D05	SARS-CoV-2	PLATE2_E04	IGHV1-24;IGHJ6-1	21	7.64	518.00	100000.00	100000.00	100000.00	100000.00	NTD	4A8	1241785.663		0.1018				0.124			24139.9	medium				
HYBRID_VAC_TLS009_Plate 3	D07	SARS-CoV-2	PLATE2_E05	IGHV1-24;IGHJ6-1	21	7.99	277.74	100000.00	100000.00	100000.00	100000.00	NTD	4A8	1318454.301		0.1118				0.097			25032.4	medium				
HYBRID_VAC_TLS009_Plate 3	D17	SARS-CoV-2	PLATE2_E06	IGHV1-2;IGHJ5-1	15	12.85	27.06	100000.00	100000.00	100000.00	100000.00	RBD	Class 1/2	1125033.1		0.1595				0.124			21415.7	medium				
HYBRID_VAC_TLS009_Plate 3	D18	SARS-CoV-2	PLATE2_E07	IGHV3-66;IGHJ4-1	12	7.04	1495.50	1321.85	100000.00	848.03	100000.00	RBD	Class 1/2	803466.2	yes	0.62045	302212.2	Low	yes	0.205	256564.2	Low	5304.4	low	3371.1	N/A	4233.6	Low
HYBRID_VAC_TLS009_Plate 3	D21	SARS-CoV-2	PLATE2_E08	IGHV1-69;IGHJ3-1	13	11.46	48.58	100000.00	100000.00	100000.00	100000.00	RBD	Class 1/2	1274523.8	yes	0.2785	414.1	N/A		0.095			8653.0	low	5941.0	Low		
HYBRID_VAC_TLS009_Plate 3	E08	SARS-CoV-2	PLATE2_E09	IGHV2-70;IGHJ4-1	13	4.15	1050.40	100000.00	100000.00	100000.00	100000.00	RBD	Not competing	216058.5		0.1334				0.110			5880.0	low				
HYBRID_VAC_TLS009_Plate 3	F04	SARS-CoV-2	PLATE2_E10	IGHV4-34;IGHJ6-1	14	4.91	500.41	100000.00	100000.00	100000.00	100000.00	NTD	4A8	1230736.066		0.10455				0.107			25488.9	medium				
HYBRID_VAC_TLS009_Plate 3	F13	SARS-CoV-2	PLATE2_E12	IGHV3-7;IGHJ4-1	14	6.97	442.03	100000.00	100000.00	100000.00	100000.00	RBD	Class 1/2	664812.9		0.15925			yes	0.484	145093.5	Low	8615.9	low			8866.5	Low
HYBRID_VAC_TLS009_Plate 3	F15	SARS-CoV-2	PLATE2_F01	IGHV3-66;IGHJ4-1	11	7.04	764.24	100000.00	100000.00	100000.00	100000.00	RBD	Class 1/2	308406.1	yes	1.4634	101702.4	Low	yes	0.360	123715.9	Low	4844.7	low	6599.5	Low	8716.2	Low
HYBRID_VAC_TLS009_Plate 3	G10	SARS-CoV-2	PLATE2_F03	IGHV5-a;IGHJ4-1	14	3.16	10.98	100000.00	100000.00	153.36	433.77	RBD	Class 3	1228627.0	yes	0.1924	12226.7	N/A	yes	0.310	1920.2	N/A	41094.2	high	5863.1	Low	8458.7	Low
HYBRID_VAC_TLS009_Plate 3	G15	SARS-CoV-2	PLATE2_F04	IGHV1-69;IGHJ4-1	14	10.76	43.09	100000.00	100000.00	100000.00	100000.00	RBD	Class 1/2	1069316.8		0.11505			yes	0.114	244946.2	Low	10273.2	low			0.0	N/A
HYBRID_VAC_TLS009_Plate 3	I06	SARS-CoV-2	PLATE2_F06				18.05	100000.00	100000.00	587.73	831.17	RBD	Class 3	1221603.5		0.14505			yes	0.210	474434.6	Medium	32383.0	high			9970.8	Low
HYBRID_VAC_TLS009_Plate 3	I07	SARS-CoV-2	PLATE2_F07	IGHV1-24;IGHJ6-1	21	4.17	445.55	100000.00	100000.00	100000.00	100000.00	NTD	4A8	1140430.69		0.1201				0.125			25976.4	medium				
HYBRID_VAC_TLS009_Plate 3	I22	SARS-CoV-2	PLATE2_F08	IGHV1-18;IGHJ4-1	20	5.56	544.29	100000.00	100000.00	100000.00	100000.00	NTD	4A8	1221603.495		0.11775				0.156			15237.0	low				
HYBRID_VAC_TLS009_Plate 3	J10	Cross-neutralizing	PLATE2_F09	IGHV4-39;IGHJ6-1	20	11.68	151.02	100000.00	100000.00	54.00	54.00	RBD	Class 3	920398.6	yes	0.53135	319025.5	Low	yes	0.592	525370.6	Medium	28300.0	medium	26367.7	medium	19396.2	medium
HYBRID_VAC_TLS009_Plate 3	J13	SARS-CoV-2	PLATE2_F10	IGHV2-5;IGHJ5-1	18	8.59	33.06	100000.00	100000.00	100000.00	100000.00	RBD	Class 1/2	620664.2		0.10105			yes	0.199	1746.9	N/A	11107.6	low			9028.7	Low
HYBRID_VAC_TLS009_Plate 3	J22	SARS-CoV-2	PLATE2_F11	IGHV4-59;IGHJ6-1	19	3.78	59.59	100000.00	100000.00	100000.00	100000.00	RBD	Class 1/2	543982.8	yes	0.84055	557.0	N/A	yes	0.698	92110.9	N/A	5359.0	low	5156.6	Low	9406.8	Low
HYBRID_VAC_TLS009_Plate 3	J23	SARS-CoV-2	PLATE2_F12	IGHV1-69;IGHJ5-1	17	2.78	19.10	100000.00	100000.00	100000.00	100000.00	RBD	Class 1/2	851806.5		0.1311				0.161			10111.9	low				
HYBRID_VAC_TLS009_Plate 3	K10	SARS-CoV-2	PLATE2_G01	IGHV3-66;IGHJ6-1	13	8.07	454.28	100000.00	100000.00	100000.00	100000.00	RBD	Class 1/2	956004.3	yes	0.26915	151.7	N/A	yes	0.200	3131.7	N/A	3582.0	N/A	5747.0	Low	9888.3	Low
HYBRID_VAC_TLS009_Plate 3	L10	SARS-CoV-2	PLATE2_G02	IGHV1-24;IGHJ6-1	21	5.21	543.19	100000.00	100000.00	100000.00	100000.00	NTD	4A8	1194051.971		0.1439			yes	0.241	2226.5	N/A	25991.0	medium			0.0	N/A
HYBRID_VAC_TLS009_Plate 3	N05	SARS-CoV-2	PLATE2_G03	IGHV1-69;IGHJ4-1	16	7.29	16.13	100000.00	100000.00	100000.00	100000.00	RBD	Class 1/2	1328284.7		0.1608			yes	0.209	560.9	N/A	11397.0	low			2850.2	N/A
HYBRID_VAC_TLS009_Plate 3	N13	SARS-CoV-2	PLATE2_G05	IGHV2-5;IGHJ4-1	20	4.47	95.81	100000.00	100000.00	100000.00	100000.00	RBD	Class 3	1290344.3	yes	0.4172	436.0	N/A	yes	0.624	535272.5	Medium	15157.3	low	5436.2	Low	10816.2	Low
HYBRID_VAC_TLS009_Plate 4	B04	SARS-CoV-2	PLATE2_G06	IGHV5-a;IGHJ6-1	22	6.32	549.67	100000.00	100000.00	100000.00	100000.00	NTD	Not competing	1089712.231		0.15745				0.137			20078.8	medium				
HYBRID_VAC_TLS009_Plate 4	B07	SARS-CoV-2	PLATE2_G07	IGHV3-53;IGHJ4-1	9	4.58	1707.26	100000.00	100000.00	100000.00	100000.00	RBD	Class 1/2	902367.2	yes	0.6688	135891.6	Low	yes	0.207	265882.7	Low	5954.7	low	5928.0	Low	10187.7	Low
HYBRID_VAC_TLS009_Plate 4	C21	SARS-CoV-2	PLATE2_G08				1559.97	100000.00	100000.00	100000.00	100000.00	RBD	Class 3	969624.8	yes	0.35955	19207.5	N/A	yes	0.415	19544.4	N/A	24457.5	medium	5104.7	Low	10076.3	Low
HYBRID_VAC_TLS009_Plate 4	D03	SARS-CoV-2	PLATE2_G09	IGHV1-18;IGHJ4-1	15	11.46	37.54	100000.00	100000.00	2098.96	2968.38	RBD	Class 3	1133113.6	yes	0.32235	6277.1	N/A	yes	0.474	430439.4	Medium	18759.0	medium	5418.7	Low	7380.2	Low
HYBRID_VAC_TLS009_Plate 4	D05	SARS-CoV-2	PLATE2_G10	IGHV3-21;IGHJ4-1	14	5.56	744.11	100000.00	100000.00	100000.00	100000.00	NTD	4A8	815047.267		0.15635				0.136			21453.4	medium				
HYBRID_VAC_TLS009_Plate 4	D15	SARS-CoV-2	PLATE2_G12	IGHV3-21;IGHJ6-1	21	7.32	28.03	100000.00	100000.00	100000.00	100000.00	RBD	Class 1/2	1004891.4	yes	0.30695	186.5	N/A	yes	0.256	1961.9	N/A	9827.0	low	6026.0	Low	8492.7	Low
HYBRID_VAC_TLS009_Plate 4	D21	SARS-CoV-2	PLATE2_H02	IGHV3-49;IGHJ4-1	16	5.12	57.33	100000.00	100000.00	100000.00	100000.00	RBD	Class 1/2	743330.7		0.1202			yes	0.213	1659.6	N/A	10205.5	low			9128.4	Low
HYBRID_VAC_TLS009_Plate 4	E22	SARS-CoV-2	PLATE2_H03	IGHV1-46;IGHJ4-1	19	6.94	1641.14	4102.84	4634.82	26218.49	100000.00	RBD	Class 3	44799.4	yes	1.44095	427988.7	medium	yes	1.558	264101.2	Low	2455.4	N/A	1636.9	N/A	3946.4	N/A
HYBRID_VAC_TLS009_Plate 4	F13	SARS-CoV-2	PLATE2_H04				37.90	100000.00	100000.00	100000.00	100000.00	RBD	Class 3	499335.8	yes	0.24225	361.5	N/A	yes	0.567	446662.7	Medium	19888.1	medium	5244.9	Low	8522.9	Low
HYBRID_VAC_TLS009_Plate 4	G02	SARS-CoV-2	PLATE2_H05	IGHV1-24;IGHJ6-1	22	4.86	711.40	100000.00	100000.00	100000.00	100000.00	NTD	4A8	792275		0.1233				0.173			22188.0	medium				
HYBRID_VAC_TLS009_Plate 4	G04	SARS-CoV-2	PLATE2_H06	IGHV3-30.3;IGHJ6-1	20	7.29	89.75	100000.00	100000.00	100000.00	100000.00	RBD	Class 1/2	457922.9	yes	0.38485	172.8	N/A		0.148			6157.7	low	6925.0	Low		
HYBRID_VAC_TLS009_Plate 4	G14	SARS-CoV-2	PLATE2_H07	IGHV3-53;IGHJ4-1	11	8.07	492.07	9841.42	100000.00	100000.00	100000.00	RBD	Class 1/2	460777.8	yes	0.721	274003.2	Low	yes	0.387	217496.5	Low	2944.0	N/A	6573.3	Low	8040.0	Low
HYBRID_VAC_TLS009_Plate 4	G23	SARS-CoV-2	PLATE2_H08	IGHV3-33;IGHJ4-1	13	5.90	95.15	100000.00	100000.00	100000.00	100000.00	RBD	Class 3	718027.9		0.11345				0.171			16623.7	medium				
HYBRID_VAC_TLS009_Plate 4	H03	SARS-CoV-2	PLATE2_H09	IGHV1-24;IGHJ6-1	21	5.56	254.16	100000.00	100000.00	100000.00	100000.00	NTD	4A8	642204.8387		0.12845				0.150			25186.4	medium				
HYBRID_VAC_TLS009_Plate 4	H09	SARS-CoV-2	PLATE2_H10	IGHV1-2;IGHJ6-1	15	3.82	59.72	100000.00	100000.00	100000.00	100000.00	RBD	Class 1/2	927949.7		0.11985				0.167			18693.9	medium				
HYBRID_VAC_TLS009_Plate 4	I06	SARS-CoV-2	PLATE2_H12	IGHV1-24;IGHJ6-1	21	3.82	360.27	100000.00	100000.00	100000.00	100000.00	NTD	4A8	959092.0699		0.1399				0.196			22316.7	medium				
HYBRID_VAC_TLS009_Plate 4	I12	SARS-CoV-2	PLATE3_A01				378.19	100000.00	100000.00	100000.00	100000.00	RBD	Class 1/2	503666.1	yes	0.35765	516.8	N/A	yes	0.331	122637.3	Low	3156.6	N/A	6814.9	Low	9584.2	Low
HYBRID_VAC_TLS009_Plate 4	J02	SARS-CoV-2	PLATE3_A02	IGHV4-34;IGHJ6-1	14	8.42	47.59	100000.00	100000.00	100000.00	100000.00	NTD	4A8	1072259.453		0.09765				0.186			14544.4	low				
HYBRID_VAC_TLS009_Plate 4	J14	SARS-CoV-2	PLATE3_A04	IGHV3-21;IGHJ6-1	11	5.21	239.27	100000.00	100000.00	100000.00	100000.00	NTD	4A8	804487.0968		0.1028				0.120			12163.0	low				
HYBRID_VAC_TLS009_Plate 4	K05	SARS-CoV-2	PLATE3_A05	IGHV3-33;IGHJ4-1	12	2.78	50.63	100000.00	100000.00	100000.00	100000.00	NTD	4A8	1045527.151		0.08705				0.134			25571.1	medium				
HYBRID_VAC_TLS009_Plate 4	K08	SARS-CoV-2	PLATE3_A06	IGHV1-18;IGHJ4-1	15	12.15	47.28	100000.00	100000.00	2330.36	100000.00	RBD	Class 3	1305335.0	yes	0.3009	125680.6	Low	yes	0.414	479103.5	Medium	27321.0	medium	8635.2	Low	7537.5	Low
HYBRID_VAC_TLS009_Plate 4	K17	SARS-CoV-2	PLATE3_A07	IGHV4-59;IGHJ3-1	12	6.87	124.75	100000.00	100000.00	100000.00	100000.00	RBD	Class 3	1078188.4		0.0983				0.117			7145.3	low				
HYBRID_VAC_TLS009_Plate 4	K18	SARS-CoV-2	PLATE3_A08	IGHV3-21;IGHJ6-1	16	7.32	372.19	100000.00	100000.00	100000.00	100000.00	NTD	4A8	1149170.923		0.09665				0.109			22484.7	medium				
HYBRID_VAC_TLS009_Plate 4	K19	SARS-CoV-2	PLATE3_A09	IGHV3-7;IGHJ4-1	14	10.80	1240.43	100000.00	100000.00	100000.00	100000.00	RBD	Class 1/2-Class 3	862110.2		0.1177			yes	0.227	130446.7	Low	7260.0	low			7832.3	Low
HYBRID_VAC_TLS009_Plate 4	L12	SARS-CoV-2	PLATE3_A10	IGHV5-a;IGHJ4-1	14	6.32	4.32	100000.00	100000.00	132.78	265.57	RBD	Class 3	1336882.0	yes	0.53415	132215.9	Low	yes	0.831	310344.4	Low	35260.1	high	8473.3	Low	8967.6	Low
HYBRID_VAC_TLS009_Plate 4	L17	SARS-CoV-2	PLATE3_A11	IGHV1-69;IGHJ4-1	18	7.64	89.07	100000.00	100000.00	100000.00	100000.00	RBD	Class 1/2	1087189.1		0.10685				0.113			2964.0	N/A				
HYBRID_VAC_TLS009_Plate 4	M22	SARS-CoV-2	PLATE3_A12	IGHV1-2;IGHJ6-1	19	5.90	99.54	100000.00	100000.00	100000.00	100000.00	RBD	Class 1/2	952261.6		0.1062				0.103			11467.6	low				
HYBRID_VAC_TLS009_Plate 4	N04	SARS-CoV-2	PLATE3_B02	IGHV4-59;IGHJ4-1	13	4.12	120.32	100000.00	100000.00	100000.00	100000.00	RBD	Class 1/2	1156964.1		0.08795				0.158			5759.1	low				
HYBRID_VAC_TLS009_Plate 4	N07	SARS-CoV-2	PLATE3_B03	IGHV1-24;IGHJ6-1	21	4.17	49.94	100000.00	100000.00	100000.00	100000.00	NTD	4A8	1424097.267		0.1005				0.133			28172.1	medium				
HYBRID_VAC_TLS009_Plate 4	N20	SARS-CoV-2	PLATE3_B05	IGHV1-24;IGHJ6-1	21	1.74	49.08	100000.00	100000.00	100000.00	100000.00	NTD	4A8	1255861.649		0.0998				0.115			22663.3	medium				
HYBRID_VAC_TLS009_Plate 4	O04	SARS-CoV-2	PLATE3_B06	IGHV1-2;IGHJ4-1	20	1.74	65.06	100000.00	100000.00	100000.00	100000.00	S protein trimer	Not competing	687532.2581		0.08825				0.109			21622.0	medium				
HYBRID_VAC_TLS009_Plate 4	O23	SARS-CoV-2	PLATE3_B08				91.51	100000.00	100000.00	100000.00	100000.00	NTD	4A8	1027083.871		0.09505				0.102			14397.0	low				
HYBRID_VAC_TLS011_Plate 1	B16	SARS-CoV-2	PLATE3_B09	IGHV1-69;IGHJ4-1	19	5.21	5441.31	1202.37	100000.00	3262.67	2307.06	RBD	Class 3	664010.4	yes	1.0876	675443.2	medium	yes	1.180	401902.0	Medium	32039.8	high	35966.9	high	7069.2	Low
HYBRID_VAC_TLS011_Plate 1	B20	SARS-CoV-2	PLATE3_B10	IGHV1-3;IGHJ4-1	14	8.16	4.71	28.76	63.56	100000.00	100000.00	RBD	Class 3	1185137.6	yes	1.3837	894453.3	High		0.120			7155.6	low	19137.3	medium		
HYBRID_VAC_TLS011_Plate 1	C04	SARS-CoV-2	PLATE3_B11	IGHV1-58;IGHJ3-1	16	4.58	42.37	100000.00	100000.00	100000.00	100000.00	RBD	Class 1/2	578470.5		0.1002				0.126			4089.8	low				
HYBRID_VAC_TLS011_Plate 1	C06	SARS-CoV-2	PLATE3_B12				50.25	100000.00	100000.00	100000.00	100000.00	NTD	4A8	1190518.952		0.15255				0.160			23990.4	medium				
HYBRID_VAC_TLS011_Plate 1	C15	SARS-CoV-2	PLATE3_C02	IGHV1-24;IGHJ6-1	21	1.39	44.91	100000.00	100000.00	100000.00	100000.00	NTD	4A8	1338657.706		0.1005				0.120			24089.3	medium				
HYBRID_VAC_TLS011_Plate 1	C16	SARS-CoV-2	PLATE3_C03	IGHV1-24;IGHJ4-1	21	5.90	557.86	100000.00	100000.00	100000.00	100000.00	NTD	4A8	1060732.168		0.1112				0.113			21045.9	medium				
HYBRID_VAC_TLS011_Plate 1	D03	SARS-CoV-2	PLATE3_C04	IGHV4-39;IGHJ4-1	13	7.56	581.56	100000.00	100000.00	100000.00	100000.00	RBD	Not Competing	481216.1		0.10845				0.127			3171.0	N/A				
HYBRID_VAC_TLS011_Plate 1	F09	SARS-CoV-2	PLATE3_C05				42.62	100000.00	100000.00	100000.00	100000.00	RBD	Class 3	1419537.7	yes	0.41415	1225.6	N/A		0.111			10128.9	low	7327.0	Low		
HYBRID_VAC_TLS011_Plate 1	G21	SARS-CoV-2	PLATE3_C07				62.54	100000.00	100000.00	100000.00	100000.00	RBD	Class 3	1186707.3		0.0996				0.102			4664.9	low				
HYBRID_VAC_TLS011_Plate 1	H02	SARS-CoV-2	PLATE3_C08	IGHV1-3;IGHJ3-1	17	4.51	322.22	100000.00	100000.00	100000.00	100000.00	RBD	Class 3	1066817.2		0.09385				0.105			11480.1	low				
HYBRID_VAC_TLS011_Plate 1	I02	SARS-CoV-2	PLATE3_C11				149.71	100000.00	100000.00	100000.00	100000.00	RBD	Class 1/2	787095.3		0.09055				0.094			9333.9	low				
HYBRID_VAC_TLS011_Plate 1	I04	SARS-CoV-2	PLATE3_C12	IGHV2-5;IGHJ3-1	16	5.84	454.97	100000.00	100000.00	100000.00	100000.00	RBD	Class 3	649393.5		0.11865			yes	0.563	212722.8	Low	14770.1	low			7739.3	Low
HYBRID_VAC_TLS011_Plate 1	I11	SARS-CoV-2	PLATE3_D01				118.20	100000.00	100000.00	100000.00	100000.00	RBD	Class 3	1298522.6	yes	0.38045	509.9	N/A		0.170			7270.4	low	7122.6	Low		
HYBRID_VAC_TLS004_Plate 1	C15	SARS-CoV-2	PLATE3_D05	IGHV3-66;IGHJ6-1	11	6.69	132.79	100000.00	100000.00	100000.00	100000.00	RBD	Class 1/2	1021437.1		0.0883				0.145			3291.0	N/A				
HYBRID_VAC_TLS004_Plate 1	C23	SARS-CoV-2	PLATE3_D06	IGHV1-69;IGHJ4-1	20	6.60	51.25	100000.00	100000.00	100000.00	100000.00	RBD	Class 1/2	1235410.3		0.1078				0.124			10415.5	low				
HYBRID_VAC_TLS004_Plate 1	D06	SARS-CoV-2	PLATE3_D07				471.71	3335.46	100000.00	100000.00	100000.00	NTD	4A8	871403.0466	yes	1.0983	596982.6	medium		0.128			13920.1	low	13834.2	Low		
HYBRID_VAC_TLS004_Plate 1	D11	SARS-CoV-2	PLATE3_D08				175.09	100000.00	100000.00	100000.00	100000.00	RBD	Class 1/2	556796.4		0.0911				0.099			9228.7	low				
HYBRID_VAC_TLS004_Plate 1	D13	SARS-CoV-2	PLATE3_D09	IGHV3-53;IGHJ6-1	9	8.45	203.15	89.78	100000.00	295.86	100000.00	RBD	Class 1/2	911444.1	yes	1.04225	320405.1	Low	yes	0.652	204757.6	Low	4044.4	low	2585.0	N/A	3694.4	N/A
HYBRID_VAC_TLS004_Plate 1	D19	SARS-CoV-2	PLATE3_D10	IGHV1-2;IGHJ3-1	16	11.11	24.24	100000.00	100000.00	100000.00	100000.00	RBD	Not competing	635902.7		0.0921				0.104			6438.5	low				
HYBRID_VAC_TLS004_Plate 1	E05	SARS-CoV-2	PLATE3_D12	IGHV1-24;IGHJ4-1	14	2.43	145.51	100000.00	100000.00	100000.00	100000.00	NTD	4A8	894646.371		0.1013				0.120			21083.3	medium				
HYBRID_VAC_TLS004_Plate 1	E12	SARS-CoV-2	PLATE3_E01				144.49	100000.00	100000.00	100000.00	100000.00	RBD	Class 3	1080168.6		0.096				0.145			23946.2	medium				
HYBRID_VAC_TLS004_Plate 1	E13	SARS-CoV-2	PLATE3_E02	IGHV1-69;IGHJ4-1	17	8.16	35.45	100000.00	100000.00	100000.00	100000.00	RBD	Class 3	1116688.9		0.1252				0.181			10877.1	low				
HYBRID_VAC_TLS004_Plate 1	E17	SARS-CoV-2	PLATE3_E03	IGHV1-58;IGHJ3-1	16	6.62	71.44	100000.00	100000.00	100000.00	100000.00	RBD	Class 1/2	997438.7		0.1007				0.125			3103.9	N/A				
HYBRID_VAC_TLS004_Plate 1	F08	SARS-CoV-2	PLATE3_E05	IGHV4-61;IGHJ4-1	11	12.71	49.63	100000.00	100000.00	100000.00	100000.00	RBD	Class 3	1249223.4		0.09495				0.121			12152.0	low				
HYBRID_VAC_TLS004_Plate 1	F09	SARS-CoV-2	PLATE3_E06	IGHV3-30.3;IGHJ4-1	17	6.60	924.52	4622.60	100000.00	100000.00	100000.00	NTD	4A8	1361360.753	yes	0.6261	195629.5	Low		0.100			13245.0	low	9963.8	Low		
HYBRID_VAC_TLS004_Plate 1	G05	SARS-CoV-2	PLATE3_E07	IGHV1-69;IGHJ4-1	20	12.85	16.56	100000.00	100000.00	100000.00	100000.00	RBD	Class 1/2	1388942.7		0.10525				0.100			6671.7	low				
HYBRID_VAC_TLS004_Plate 1	G08	SARS-CoV-2	PLATE3_E08	IGHV1-24;IGHJ6-1	21	7.29	219.98	100000.00	100000.00	100000.00	100000.00	NTD	4A8	1298108.602		0.1109				0.103			25254.0	medium				
HYBRID_VAC_TLS004_Plate 1	G09	SARS-CoV-2	PLATE3_E09	IGHV3-33;IGHJ6-1	22	3.82	296.31	100000.00	100000.00	100000.00	100000.00	RBD	Not competing	1130035.5		0.0883				0.108			36498.9	high				
HYBRID_VAC_TLS004_Plate 1	G13	SARS-CoV-2	PLATE3_E10				515.44	1822.34	1013.10	100000.00	100000.00	NTD	4A8	1102780.152	yes	1.3991	693170.6	medium		0.123			12493.7	low	17623.5	medium		
HYBRID_VAC_TLS004_Plate 1	H07	Cross-neutralizing	PLATE3_E11	IGHV4-61;IGHJ4-1	20	6.87	787.72	7877.18	100000.00	100000.00	100000.00	RBD	Class 4	787635.5	yes	1.69155	412315.3	medium	yes	1.096	301342.1	Low	3124.8	N/A	5999.8	Low	5299.3	Low
HYBRID_VAC_TLS004_Plate 1	H10	SARS-CoV-2	PLATE3_E12	IGHV3-30;IGHJ4-1	21	5.90	650.07	4596.67	100000.00	100000.00	100000.00	NTD	4A8	1219526.075	yes	0.82575	281357.4	Low		0.145			12365.8	low	19660.1	medium		
HYBRID_VAC_TLS004_Plate 1	H13	SARS-CoV-2	PLATE3_F01	IGHV1-3;IGHJ4-1	17	6.25	50.21	100000.00	100000.00	100000.00	100000.00	RBD	Class 3	1182712.1		0.0997			yes	0.200	203391.7	Low	4807.0	low			9643.2	Low
HYBRID_VAC_TLS004_Plate 1	H18	SARS-CoV-2	PLATE3_F02	IGHV1-58;IGHJ3-1	16	10.56	304.13	2150.55	6188.27	100000.00	100000.00	RBD	Class 1/2	1034933.9	yes	1.21975	349066.7	Low	yes	0.537	222926.5	Low	4548.7	low	2172.9	N/A	7271.3	Low
HYBRID_VAC_TLS004_Plate 1	I17	SARS-CoV-2	PLATE3_F03	IGHV3-48;IGHJ4-1	18	5.21	302.97	1071.18	1611.41	100000.00	100000.00	NTD	4A8	1096231.272	yes	1.46165	715092.9	medium		0.119			10767.4	low	27602.7	medium		
HYBRID_VAC_TLS004_Plate 1	J13	SARS-CoV-2	PLATE3_F04				52.33	100000.00	100000.00	100000.00	100000.00	RBD	Class 3	1301976.6		0.09065				0.106			17265.1	medium				
HYBRID_VAC_TLS004_Plate 1	J23	SARS-CoV-2	PLATE3_F05	IGHV1-69;IGHJ3-1	17	15.22	27.47	100000.00	100000.00	100000.00	100000.00	RBD	Class 3	1285960.1		0.08735				0.122			14704.0	low				
HYBRID_VAC_TLS004_Plate 1	K06	SARS-CoV-2	PLATE3_F06	IGHV1-3;IGHJ4-1	12	9.38	72.28	100000.00	100000.00	100000.00	100000.00	RBD	Class 3	1252985.6		0.0932				0.100			11285.8	low				
HYBRID_VAC_TLS004_Plate 1	K12	SARS-CoV-2	PLATE3_F07				63.15	100000.00	100000.00	100000.00	100000.00	RBD	Class 1/2	1364263.4		0.10215				0.117			9093.8	low				
HYBRID_VAC_TLS004_Plate 1	L04	SARS-CoV-2	PLATE3_F08	IGHV3-53;IGHJ6-1	9	8.77	135.82	240.10	100000.00	185.40	100000.00	RBD	Class 1/2	937387.8	yes	0.84705	213940.4	Low	yes	0.513	167531.4	Low	3282.1	N/A	3506.2	N/A	1696.3	N/A
HYBRID_VAC_TLS004_Plate 1	L17	SARS-CoV-2	PLATE3_F09				25.01	100000.00	100000.00	100000.00	100000.00	RBD	Class 1/2	1239152.0		0.08725				0.093			9787.8	low				
HYBRID_VAC_TLS004_Plate 1	M17	SARS-CoV-2	PLATE3_F10	IGHV3-23;IGHJ4-1	16	6.27	594.07	1485.17	1481.33	100000.00	100000.00	NTD	4A8	1206586.022	yes	1.5284	733543.4	medium		0.114			15808.2	low	17289.1	medium		
HYBRID_VAC_TLS004_Plate 1	N04	SARS-CoV-2	PLATE3_F11				36.86	100000.00	100000.00	100000.00	100000.00	RBD	Class 3	1199952.7		0.09635				0.116			17313.6	medium				
HYBRID_VAC_TLS004_Plate 1	N07	SARS-CoV-2	PLATE3_F12	IGHV3-53;IGHJ6-1	11	13.38	359.99	159.10	100000.00	91.93	100000.00	RBD	Class 1/2	832146.6	yes	0.8928	453237.7	medium	yes	0.652	499458.5	Medium	9586.7	low	7324.7	Low	6116.0	Low
HYBRID_VAC_TLS004_Plate 1	N20	SARS-CoV-2	PLATE3_G01	IGHV1-69;IGHJ3-1	10	9.72	51.29	100000.00	100000.00	100000.00	100000.00	RBD	Class 3	954852.2		0.1055				0.162			12178.9	low				
HYBRID_VAC_TLS004_Plate 1	O13	SARS-CoV-2	PLATE3_G02				6096.12	100000.00	100000.00	100000.00	100000.00	NTD	4A8	690108.3781		0.09565				0.139			8075.6	low				
HYBRID_VAC_TLS004_Plate 1	O18	SARS-CoV-2	PLATE3_G03	IGHV1-69;IGHJ3-1	12	10.07	60.71	100000.00	100000.00	100000.00	100000.00	RBD	Class 3	1191713.7		0.0861				0.158			13235.0	low				
HYBRID_VAC_TLS004_Plate 2	B23	SARS-CoV-2	PLATE3_G04	IGHV1-24;IGHJ4-1	13	6.60	872.47	100000.00	100000.00	100000.00	100000.00	NTD	4A8	941210.6631		0.0919				0.129			15478.8	low				
HYBRID_VAC_TLS004_Plate 2	C20	SARS-CoV-2	PLATE3_G06	IGHV3-66;IGHJ4-1	11	4.58	101.30	179.07	100000.00	265.94	100000.00	RBD	Class 1/2	956227.0	yes	0.6496	426590.1	medium	yes	0.293	300254.8	Low	6184.4	low	8985.0	Low	3003.5	N/A
HYBRID_VAC_TLS004_Plate 2	D13	SARS-CoV-2	PLATE3_G07				353.67	100000.00	100000.00	100000.00	100000.00	RBD	Class 3	836041.7		0.1055				0.108			11424.4	low				
HYBRID_VAC_TLS004_Plate 2	E06	SARS-CoV-2	PLATE3_G10	IGHV1-69;IGHJ3-1	15	12.50	54.44	100000.00	100000.00	100000.00	100000.00	RBD	Class 3	1253673.1		0.0818				0.094			7059.4	low				
HYBRID_VAC_TLS004_Plate 2	E17	SARS-CoV-2	PLATE3_G12	IGHV1-69;IGHJ3-1	15	12.85	35.38	100000.00	100000.00	100000.00	100000.00	RBD	Class 3	1104561.0	yes	0.47445	131375.5	Low		0.109			9393.3	low	7066.4	Low		
HYBRID_VAC_TLS004_Plate 2	E19	SARS-CoV-2	PLATE3_H01	IGHV1-69;IGHJ5-1	12	7.29	48.85	100000.00	100000.00	100000.00	100000.00	RBD	Class 3	1143315.8		0.08825				0.139			9340.6	low				
HYBRID_VAC_TLS004_Plate 2	E21	SARS-CoV-2	PLATE3_H02				46.75	100000.00	100000.00	100000.00	100000.00	RBD	Class 1/2	1045034.2	yes	0.54005	984.6	N/A	yes	0.279	25860.3	N/A	5767.0	low	6561.2	Low	7612.6	Low
HYBRID_VAC_TLS004_Plate 2	F07	SARS-CoV-2	PLATE3_H03	IGHV3-66;IGHJ4-1	11	5.63	428.96	100000.00	100000.00	100000.00	100000.00	RBD	Class 1/2	791542.6		0.0835				0.102			5321.9	low				
HYBRID_VAC_TLS004_Plate 2	F15	SARS-CoV-2	PLATE3_H04	IGHV3-48;IGHJ4-1	18	9.06	203.82	509.56	474.56	100000.00	100000.00	NTD	4A8	1034508.961	yes	1.2072	880026.7	High		0.161			13405.8	low	3977.4	N/A		
HYBRID_VAC_TLS004_Plate 2	F18	SARS-CoV-2	PLATE3_H05				698.10	872.63	100000.00	100000.00	100000.00	RBD	Not competing	703515.5	yes	1.1928	475890.9	medium		0.096			9427.4	low	5632.3	Low		
HYBRID_VAC_TLS004_Plate 2	F21	SARS-CoV-2	PLATE3_H06	IGHV3-48;IGHJ4-1	18	3.83	399.92	100000.00	100000.00	100000.00	100000.00	NTD	4A8	837582.9749	yes	0.2587	11352.1	N/A		0.117			16262.0	medium	5747.2	Low		
HYBRID_VAC_TLS004_Plate 2	H02	SARS-CoV-2	PLATE3_H08	IGHV1-24;IGHJ6-1	21	9.38	170.91	100000.00	100000.00	100000.00	100000.00	NTD	4A8	1154369.892		0.1114				0.087			30704.2	medium				
HYBRID_VAC_TLS004_Plate 2	H07	SARS-CoV-2	PLATE3_H09	IGHV4-39;IGHJ5-1	11	2.06	582.87	100000.00	100000.00	100000.00	100000.00	NTD	4A8	1016659.409		0.08135				0.098			22317.0	medium				
HYBRID_VAC_TLS004_Plate 2	H14	SARS-CoV-2	PLATE3_H10	IGHV1-58;IGHJ3-1	16	5.92	130.12	100000.00	100000.00	100000.00	100000.00	RBD	Class 1/2	937387.8		0.0807				0.103			2841.8	N/A				
HYBRID_VAC_TLS004_Plate 2	H15	SARS-CoV-2	PLATE3_H11	IGHV1-69;IGHJ3-1	15	11.46	54.34	100000.00	100000.00	100000.00	100000.00	RBD	Class 3	1132929.0	yes	0.27415	893.6	N/A		0.114			9217.0	low	7270.2	Low		
HYBRID_VAC_TLS004_Plate 2	H16	SARS-CoV-2	PLATE3_H12	IGHV1-69;IGHJ3-1	11	11.46	12.38	100000.00	100000.00	100000.00	100000.00	RBD	Class 3	1013304.0		0.096				0.130			9758.8	low				
HYBRID_VAC_TLS004_Plate 2	H21	SARS-CoV-2	PLATE4_A01	IGHV1-69;IGHJ3-1	18	7.09	10.87	100000.00	100000.00	100000.00	100000.00	RBD	Class 3	1250971.2		0.1089			yes	0.318	205715.0	Low	7208.8	low			8811.8	Low
HYBRID_VAC_TLS004_Plate 2	I02	SARS-CoV-2	PLATE4_A03	IGHV1-8;IGHJ4-1	20	6.60	969.82	100000.00	100000.00	100000.00	100000.00	NTD	4A8	1251086.918		0.11545				0.136			8789.5	low				
HYBRID_VAC_TLS004_Plate 2	I14	SARS-CoV-2	PLATE4_A05	IGHV1-3;IGHJ4-1	13	14.58	19.59	100000.00	100000.00	100000.00	100000.00	RBD	Class 3	1204251.8		0.09205				0.102			10406.0	low				
HYBRID_VAC_TLS004_Plate 2	I20	SARS-CoV-2	PLATE4_A06	IGHV1-69;IGHJ3-1	20	10.76	13.46	100000.00	100000.00	100000.00	100000.00	RBD	Class 3	1331452.2		0.1248				0.194			7862.4	low				
HYBRID_VAC_TLS004_Plate 2	J14	SARS-CoV-2	PLATE4_A07	IGHV1-69;IGHJ3-1	16	11.11	39.21	100000.00	100000.00	100000.00	100000.00	RBD	Class 3	1643076.7		0.1131			yes	0.466	372836.1	Low	11816.0	low			8697.2	Low
HYBRID_VAC_TLS004_Plate 2	J15	SARS-CoV-2	PLATE4_A08	IGHV1-69;IGHJ3-1	16	8.68	26.51	100000.00	100000.00	100000.00	100000.00	RBD	Class 3	1157048.3		0.094				0.106			15486.4	low				
HYBRID_VAC_TLS004_Plate 2	K16	SARS-CoV-2	PLATE4_A09	IGHV1-69;IGHJ3-1	16	10.76	11.49	100000.00	100000.00	100000.00	100000.00	RBD	Class 3	1229111.9		0.09725				0.122			22953.8	medium				
HYBRID_VAC_TLS004_Plate 2	K22	Cross-neutralizing	PLATE4_A10	IGHV4-61;IGHJ4-1	20	7.90	1074.71	5373.56	100000.00	100000.00	100000.00	RBD	Class 4	738867.8	yes	1.44485	299009.5	Low	yes	0.611	262874.4	Low	3456.7	N/A	6177.7	Low	8134.2	Low
HYBRID_VAC_TLS004_Plate 2	L11	SARS-CoV-2	PLATE4_A11				526.37	1315.92	100000.00	100000.00	100000.00	NTD	4A8	1081415.323	yes	1.46865	873105.2	High		0.083			6273.7	low	10799.6	Low		
HYBRID_VAC_TLS004_Plate 2	L12	SARS-CoV-2	PLATE4_A12	IGHV1-69;IGHJ3-1	11	7.29	33.40	100000.00	100000.00	100000.00	100000.00	RBD	Class 3	1910001.2		0.09695				0.113			8941.0	low				
HYBRID_VAC_TLS004_Plate 2	L20	SARS-CoV-2	PLATE4_B02	IGHV3-66;IGHJ6-1	11	9.15	95.83	479.16	100000.00	351.73	100000.00	RBD	Class 1/2	575780.0	yes	1.02895	477147.3	medium	yes	0.766	353288.6	Low	7248.9	low	10098.1	Low	5283.5	Low
HYBRID_VAC_TLS004_Plate 2	M02	SARS-CoV-2	PLATE4_B03	IGHV3-66;IGHJ4-1	11	7.04	402.08	100000.00	100000.00	100000.00	100000.00	RBD	Class 1/2	862895.7		0.12173				0.127			3926.7	N/A				
HYBRID_VAC_TLS004_Plate 2	M08	SARS-CoV-2	PLATE4_B05	IGHV3-48;IGHJ4-1	18	8.36	302.08	267.00	100000.00	100000.00	100000.00	NTD	4A8	1113372.491	yes	1.31345	1065261.3	High		0.109			6586.0	low	11569.7	Low		
HYBRID_VAC_TLS004_Plate 2	M09	SARS-CoV-2	PLATE4_B06				17.20	100000.00	100000.00	100000.00	100000.00	RBD	Class 3	833387.0		0.09775				0.102			4046.4	low				
HYBRID_VAC_TLS004_Plate 2	M13	SARS-CoV-2	PLATE4_B07	IGHV1-69;IGHJ4-1	17	9.52	6.05	100000.00	100000.00	100000.00	100000.00	RBD	Class 3	1581382.3		0.0911				0.114			9702.7	low				
HYBRID_VAC_TLS004_Plate 2	N06	SARS-CoV-2	PLATE4_B08	IGHV1-69;IGHJ3-1	15	13.16	5.90	4718.57	100000.00	100000.00	100000.00	RBD	Class 3	1424992.8	yes	0.4194	238889.2	Low	yes	0.439	349108.2	Low	5119.6	low	5792.1	Low	9034.3	Low
HYBRID_VAC_TLS004_Plate 2	N10	SARS-CoV-2	PLATE4_B10	IGHV1-69;IGHJ4-1	20	7.64	41.24	100000.00	100000.00	100000.00	100000.00	RBD	Class 1/2	1047506.0		0.09895				0.153			7855.3	low				
HYBRID_VAC_TLS004_Plate 2	N13	SARS-CoV-2	PLATE4_B11	IGHV3-48;IGHJ4-1	18	8.01	78.23	97.78	100000.00	100000.00	100000.00	NTD	4A8	1094779.211	yes	1.1413	883693.3	High		0.117			8400.2	low	12661.1	Low		
HYBRID_VAC_TLS004_Plate 3	B07	SARS-CoV-2	PLATE4_C02	IGHV1-69;IGHJ3-1	15	9.38	14.23	100000.00	100000.00	100000.00	100000.00	RBD	Class 3	1256176.1		0.12176				0.135			6686.0	low				
HYBRID_VAC_TLS004_Plate 3	B20	SARS-CoV-2	PLATE4_C03	IGHV3-9;IGHJ2-1	17	3.51	129.40	100000.00	100000.00	100000.00	100000.00	RBD	Class 1/2	762125.0	yes	0.3858	584.0	N/A		0.179			4225.4	low	4453.0	Low		
HYBRID_VAC_TLS004_Plate 3	B23	SARS-CoV-2	PLATE4_C04				29.49	100000.00	100000.00	100000.00	100000.00	RBD	Class 1/2	1324611.9		0.0903				0.113			6071.1	low				
HYBRID_VAC_TLS012_Plate 1	C03	SARS-CoV-2	PLATE4_C05	IGHV3-15;IGHJ3-1	21	6.80	13.57	100000.00	100000.00	100000.00	100000.00	RBD	Class 3	1183892.7		0.0994				0.094			5894.8	low				
HYBRID_VAC_TLS012_Plate 1	C05	SARS-CoV-2	PLATE4_C06	IGHV3-53;IGHJ6-1	11	8.42	101.51	253.78	100000.00	464.49	100000.00	RBD	Class 1/2	530215.1	yes	0.6388	480484.1	medium	yes	0.371	312304.3	Low	3218.2	N/A	4849.1	Low	7521.5	Low
HYBRID_VAC_TLS012_Plate 1	C10	SARS-CoV-2	PLATE4_C07	IGHV1-69;IGHJ5-1	16	12.50	56.39	100000.00	100000.00	100000.00	100000.00	RBD	Class 1/2	1073066.3		0.10015				0.105			4652.5	low				
HYBRID_VAC_TLS012_Plate 1	D15	SARS-CoV-2	PLATE4_C09	IGHV1-69;IGHJ4-1	15	7.99	18.26	100000.00	100000.00	100000.00	100000.00	RBD	Class 1/2	1306403.2		0.0977				0.101			8916.7	low				
HYBRID_VAC_TLS012_Plate 1	D16	SARS-CoV-2	PLATE4_C10	IGHV1-69;IGHJ5-1	18	6.94	141.55	100000.00	100000.00	100000.00	100000.00	RBD	Class 1/2	452864.5		0.0985				0.111			13809.5	low				
HYBRID_VAC_TLS012_Plate 1	E04	SARS-CoV-2	PLATE4_C12	IGHV1-24;IGHJ4-1	15	9.03	328.45	100000.00	100000.00	100000.00	100000.00	NTD	4A8	725265.457		0.106				0.122			4500.3	low				
HYBRID_VAC_TLS012_Plate 1	E13	SARS-CoV-2	PLATE4_D01	IGHV2-70;IGHJ4-1	10	3.78	1068.60	100000.00	100000.00	100000.00	100000.00	RBD	Class 1/2	374842.7		0.11165				0.144			6511.0	low				
HYBRID_VAC_TLS012_Plate 1	E18	SARS-CoV-2	PLATE4_D02	IGHV1-69;IGHJ5-1	17	6.94	2883.95	7209.87	100000.00	100000.00	100000.00	RBD	Not competing	974885.5	yes	2.31485	355526.3	Low	yes	0.367	91589.3	N/A	2119.7	N/A	4053.9	Low	7038.1	Low
HYBRID_VAC_TLS012_Plate 1	F02	SARS-CoV-2	PLATE4_D04	IGHV3-15;IGHJ3-1	22	4.78	107.95	100000.00	100000.00	100000.00	100000.00	RBD	Class 3	930448.4	yes	0.64905	470449.0	medium		0.111			9719.6	low	12230.6	Low		
HYBRID_VAC_TLS012_Plate 1	F18	Cross-neutralizing	PLATE4_D05	IGHV3-48;IGHJ4-1	18	4.53	100000.00	100000.00	100000.00	100000.00	100000.00	RBD	Not competing	386234.5	yes	1.50995	386232.5	Low	yes	0.539	357506.3	Low	2880.7	N/A	5708.8	Low	5096.3	Low
HYBRID_VAC_TLS012_Plate 1	F21	SARS-CoV-2	PLATE4_D07	IGHV3-15;IGHJ3-1	21	7.17	47.19	100000.00	100000.00	100000.00	100000.00	RBD	Class 3	1124619.9	yes	0.30965	158.6	N/A		0.116			6111.0	low	6210.8	Low		
HYBRID_VAC_TLS012_Plate 1	G09	SARS-CoV-2	PLATE4_D08	IGHV3-21;IGHJ6-1	19	3.82	21.29	532.19	100000.00	100000.00	100000.00	RBD	Class 3	1413768.6	yes	0.53335	717620.2	medium		0.111			5438.2	low	11408.9	Low		
HYBRID_VAC_TLS012_Plate 1	G11	SARS-CoV-2	PLATE4_D10	IGHV3-66;IGHJ5-1	12	8.80	124.19	1756.32	100000.00	100000.00	100000.00	RBD	Class 1/2	1030983.9	yes	1.38135	344115.5	Low	yes	1.668	236940.3	Low	4488.0	low	5287.5	Low	1891.0	N/A
HYBRID_VAC_TLS012_Plate 1	G15	SARS-CoV-2	PLATE4_D11				84.77	100000.00	100000.00	100000.00	100000.00	RBD	Class 3	595900.2		0.0877				0.153			3884.4	N/A				
HYBRID_VAC_TLS012_Plate 1	G19	SARS-CoV-2	PLATE4_D12	IGHV3-48;IGHJ5-1	13	3.14	78.78	100000.00	100000.00	100000.00	100000.00	RBD	Class 1/2	966658.6		0.10465				0.122			14158.1	low				
HYBRID_VAC_TLS012_Plate 1	H02	SARS-CoV-2	PLATE4_E01	IGHV2-5;IGHJ4-1	18	4.12	19.46	100000.00	100000.00	100000.00	100000.00	RBD	Class 1/2	1009303.8		0.1517				0.154			9723.1	low				
HYBRID_VAC_TLS012_Plate 1	H12	SARS-CoV-2	PLATE4_E03				30.10	100000.00	100000.00	100000.00	100000.00	RBD	Class 3	1217912.5		0.11465				0.166			15836.0	low				
HYBRID_VAC_TLS012_Plate 1	H18	SARS-CoV-2	PLATE4_E04	IGHV1-69;IGHJ4-1	21	5.90	101.23	100000.00	100000.00	100000.00	100000.00	RBD	Class 3	1139161.7		0.12675				0.119			6105.4	low				
HYBRID_VAC_TLS012_Plate 1	H20	SARS-CoV-2	PLATE4_E05	IGHV1-58;IGHJ3-1	16	9.51	23.47	100000.00	100000.00	100000.00	100000.00	RBD	Class 1/2	1134864.7		0.135				0.174			5550.8	low				
HYBRID_VAC_TLS012_Plate 1	J04	SARS-CoV-2	PLATE4_E07	IGHV1-69;IGHJ4-1	20	3.82	64.19	100000.00	100000.00	100000.00	100000.00	RBD	Not competing	1099693.2		0.12585				0.107			6033.9	low				
HYBRID_VAC_TLS012_Plate 1	J13	Cross-neutralizing	PLATE4_E08	IGHV1-2;IGHJ5-1	23	4.17	100000.00	5929.63	100000.00	100000.00	100000.00	RBD	Not competing	751791.7	yes	1.6201	355231.6	Low	yes	0.641	228287.6	Low	4203.3	low	5239.7	Low	2445.7	N/A
HYBRID_VAC_TLS012_Plate 1	J18	SARS-CoV-2	PLATE4_E09	IGHV3-66;IGHJ6-1	13	9.15	107.64	21.53	100000.00	43.64	100000.00	RBD	Class 1/2	913723.1	yes	1.8111	419561.3	medium	yes	0.595	292426.3	Low	5716.9	low	6046.5	Low	3333.3	N/A
HYBRID_VAC_TLS012_Plate 1	K20	SARS-CoV-2	PLATE4_F01	IGHV1-69;IGHJ5-1	19	9.38	54.42	240.51	100000.00	100000.00	100000.00	RBD	Not Competing	1123964.8	yes	2.50055	990946.7	High		0.136			20481.5	medium	27626.6	medium		
HYBRID_VAC_TLS012_Plate 1	L06	SARS-CoV-2	PLATE4_F02	IGHV1-24;IGHJ4-1	15	7.99	523.51	100000.00	2346.32	100000.00	100000.00	NTD	4A8	566446.371		0.1099				0.118			4283.7	low				
HYBRID_VAC_TLS012_Plate 1	L07	SARS-CoV-2	PLATE4_F03	IGHV1-58;IGHJ3-1	16	10.21	42.41	100000.00	100000.00	100000.00	100000.00	RBD	Class 1/2	1120240.6		0.15845				0.123			3540.3	N/A				
HYBRID_VAC_TLS012_Plate 1	L19	SARS-CoV-2	PLATE4_F04	IGHV3-9;IGHJ6-1	16	4.17	1805.81	100000.00	100000.00	100000.00	100000.00	RBD	Class 3	1035538.0	yes	1.60455	342604.6	Low		0.148			3758.5	N/A	7760.3	Low		
HYBRID_VAC_TLS012_Plate 1	M07	SARS-CoV-2	PLATE4_F06	IGHV3-66;IGHJ6-1	11	8.42	210.41	100000.00	100000.00	100000.00	100000.00	RBD	Class 1/2	948744.3		0.12425				0.143			4861.2	low				
HYBRID_VAC_TLS012_Plate 1	N02	SARS-CoV-2	PLATE4_F08	IGHV1-69;IGHJ6-1	14	7.29	13.83	100000.00	100000.00	100000.00	100000.00	RBD	Class 3	1455089.5	yes	0.6459	1050.3	N/A		0.156			11093.3	low	6210.6	Low		
HYBRID_VAC_TLS012_Plate 1	N06	SARS-CoV-2	PLATE4_F09	IGHV1-69;IGHJ4-1	15	7.99	25.41	100000.00	100000.00	100000.00	100000.00	RBD	Class 1/2	1301432.1		0.15455				0.150			13383.0	low				
HYBRID_VAC_TLS012_Plate 1	N19	SARS-CoV-2	PLATE4_F10	IGHV3-30;IGHJ4-1	20	4.88	609.39	100000.00	100000.00	100000.00	100000.00	NTD	4A8	881628.0018		0.1584				0.184			7646.1	low				
HYBRID_VAC_TLS012_Plate 1	O02	SARS-CoV-2	PLATE4_F11				299.25	84.64	100000.00	320.69	100000.00	RBD	Class 1/2	946194.0	yes	2.46525	585978.9	medium	yes	1.188	526682.4	Medium	4730.4	low	6395.4	Low	6643.5	Low
HYBRID_VAC_TLS012_Plate 2	B06	SARS-CoV-2	PLATE4_F12	IGHV1-8;IGHJ4-1	11	4.17	1345.81	100000.00	100000.00	100000.00	100000.00	RBD	Class 3	982122.6	yes	2.5968	794.6	N/A		0.150			1925.0	N/A	5098.1	Low		
HYBRID_VAC_TLS012_Plate 2	B14	SARS-CoV-2	PLATE4_G01	IGHV1-69;IGHJ3-1	12	10.07	59.86	105.82	100000.00	100000.00	100000.00	RBD	Class 3	820879.8	yes	1.20365	581610.2	medium		0.198			2379.3	N/A	6137.5	Low		
HYBRID_VAC_TLS012_Plate 2	C05	SARS-CoV-2	PLATE4_G02	IGHV1-69;IGHJ6-1	14	10.07	31.55	278.88	5191.98	100000.00	100000.00	RBD	Class 3	1082990.7	yes	2.0091	695395.1	medium		0.181			7324.4	low	16364.7	medium		
HYBRID_VAC_TLS012_Plate 2	C09	SARS-CoV-2	PLATE4_G03	IGHV3-66;IGHJ6-1	11	3.87	713.64	315.39	1700.11	1700.11	1700.11	RBD	Class 1/2	597047.3	yes	1.84665	404203.9	medium	yes	0.927	547472.6	Medium	6608.6	low	6992.5	Low	4181.1	Low
HYBRID_VAC_TLS012_Plate 2	D06	SARS-CoV-2	PLATE4_G04	IGHV3-9;IGHJ6-1	16	3.13	60.57	100000.00	100000.00	100000.00	100000.00	RBD	Class 1/2	964391.1		0.1188				0.117			3835.0	N/A				
HYBRID_VAC_TLS012_Plate 2	D08	SARS-CoV-2	PLATE4_G05	IGHV1-58;IGHJ3-1	16	8.80	177.15	100000.00	100000.00	100000.00	100000.00	RBD	Class 1/2	717720.4		0.15235				0.154			5031.2	low				
HYBRID_VAC_TLS012_Plate 2	D09	SARS-CoV-2	PLATE4_G06	IGHV1-69;IGHJ5-1	17	8.68	822.61	100000.00	100000.00	100000.00	100000.00	RBD	Not competing	1086911.6	yes	2.24845	496405.2	medium	yes	0.454	108334.8	Low	2874.7	N/A	5172.5	Low	7842.9	Low
HYBRID_VAC_TLS012_Plate 2	D12	SARS-CoV-2	PLATE4_G07	IGHV3-9;IGHJ6-1	16	3.13	153.30	100000.00	100000.00	100000.00	100000.00	RBD	Class 1/2	1064705.4		0.117				0.112			3626.7	N/A				
HYBRID_VAC_TLS012_Plate 2	E16	SARS-CoV-2	PLATE4_G09	IGHV3-66;IGHJ4-1	12	3.87	157.92	44.67	100000.00	461.34	100000.00	RBD	Class 1/2	884095.7	yes	1.4329	471838.1	medium	yes	0.748	352383.6	Low	4704.5	low	5816.8	Low	7740.5	Low
HYBRID_VAC_TLS012_Plate 2	G11	SARS-CoV-2	PLATE4_G10	IGHV1-46;IGHJ4-1	23	9.72	405.77	126.80	100000.00	952.60	100000.00	RBD	Class 4	1059573.7	yes	1.82305	652761.3	medium	yes	0.885	433716.9	Medium	3266.7	N/A	6250.2	Low	8895.9	Low
HYBRID_VAC_TLS012_Plate 2	G13	SARS-CoV-2	PLATE4_G11	IGHV1-69;IGHJ4-1	20	7.64	834.25	100000.00	100000.00	100000.00	100000.00	RBD	Class 3	486434.6		0.11965				0.147			2783.9	N/A				
HYBRID_VAC_TLS012_Plate 2	G21	SARS-CoV-2	PLATE4_G12	IGHV4-59;IGHJ4-1	13	8.59	479.55	100000.00	100000.00	100000.00	100000.00	NTD	4A8	776260.7527		0.1382				0.151			6402.0	low				
HYBRID_VAC_TLS012_Plate 2	H03	SARS-CoV-2	PLATE4_H01	IGHV4-59;IGHJ3-1	20	9.28	135.51	100000.00	100000.00	100000.00	100000.00	RBD	Class 1/2	734051.6	yes	0.19815	329.7	N/A		0.168			2777.6	N/A	6711.1	Low		
HYBRID_VAC_TLS012_Plate 2	H11	SARS-CoV-2	PLATE4_H02	IGHV3-9;IGHJ3-1	18	4.91	3.49	100000.00	100000.00	100000.00	100000.00	RBD	Class 3	508266.7		0.11445				0.126			17956.5	medium				
HYBRID_VAC_TLS012_Plate 2	H12	SARS-CoV-2	PLATE4_H03				787.98	100000.00	100000.00	148.56	100000.00	NTD	Not competing	563319.9373	yes	1.02665	2936.0	N/A	yes	2.742	455409.6	Medium	9401.5	low	6505.7	Low	0.0	N/A
HYBRID_VAC_TLS012_Plate 2	I04	Cross-neutralizing	PLATE4_H05				100000.00	1212.78	100000.00	1560.23	1103.25	RBD	Class 4	634846.7	yes	2.69055	682356.6	medium	yes	1.565	527216.3	Medium	3690.8	N/A	5632.3	Low	6836.1	Low
HYBRID_VAC_TLS012_Plate 2	I13	SARS-CoV-2	PLATE4_H06	IGHV3-66;IGHJ3-1	12	5.28	325.82	100000.00	100000.00	100000.00	100000.00	RBD	Class 1/2	452641.1	yes	0.1943	974.7	N/A		0.124			3940.3	N/A	5747.2	Low		
HYBRID_VAC_TLS012_Plate 2	I21	SARS-CoV-2	PLATE4_H07	IGHV1-69;IGHJ4-1	15	7.99	11.62	100000.00	100000.00	100000.00	100000.00	RBD	Class 1/2	1045715.4		0.16045				0.148			10455.0	low				
HYBRID_VAC_TLS012_Plate 2	J05	SARS-CoV-2	PLATE4_H09	IGHV4-59;IGHJ5-1	15	5.84	597.75	100000.00	100000.00	100000.00	100000.00	RBD	Class 3	518001.3		0.1196				0.138			3324.4	N/A				
HYBRID_VAC_TLS012_Plate 2	J15	SARS-CoV-2	PLATE4_H10	IGHV1-24;IGHJ6-1	21	2.78	589.17	100000.00	100000.00	100000.00	100000.00	NTD	4A8	429477.5986	yes	0.18575	113.3	N/A		0.122			12660.0	low	5715.0	Low		
HYBRID_VAC_TLS012_Plate 2	K15	SARS-CoV-2	PLATE4_H11	IGHV1-69;IGHJ4-1	20	8.33	217.78	100000.00	100000.00	100000.00	100000.00	RBD	Not competing	549851.4		0.13035				0.150			5271.5	low				
HYBRID_VAC_TLS012_Plate 2	K18	SARS-CoV-2	PLATE4_H12	IGHV3-66;IGHJ4-1	12	7.39	110.82	15.67	529.87	132.47	100000.00	RBD	Class 1/2	787961.3	yes	1.92205	533994.6	medium	yes	0.712	522570.4	Medium	5159.8	low	6796.8	Low	6225.9	Low
HYBRID_VAC_TLS012_Plate 2	L11	SARS-CoV-2	PLATE5_A01	IGHV3-43;IGHJ6-1	16	3.16	2503.68	100000.00	100000.00	100000.00	100000.00	NTD	4A8	778503.3602		0.10485				0.146			16056.0	medium				
HYBRID_VAC_TLS012_Plate 2	M06	SARS-CoV-2	PLATE5_A02				152.63	100000.00	100000.00	100000.00	100000.00	RBD	Not competing	1062175.7	yes	1.61035	426036.8	medium		0.186			8610.7	low	7107.0	Low		
HYBRID_VAC_TLS012_Plate 2	M10	SARS-CoV-2	PLATE5_A03	IGHV3-7;IGHJ6-1	24	2.79	1993.01	100000.00	100000.00	270.51	3060.43	NTD		604043.9516	yes	0.94195	806.8	N/A	yes	1.012	382877.0	Low	29992.4	medium	6432.3	Low	0.0	N/A
HYBRID_VAC_TLS012_Plate 2	M19	SARS-CoV-2	PLATE5_A05				432.81	100000.00	100000.00	100000.00	100000.00	NTD	4A8	1359320.296		0.1233				0.129			24891.9	medium				
HYBRID_VAC_TLS012_Plate 2	N08	SARS-CoV-2	PLATE5_A06	IGHV3-53;IGHJ5-1	14	8.80	489.36	27.68	261.60	16.35	46.25	RBD	Class 1/2	378716.1	yes	1.3844	366236.0	Low	yes	0.603	430693.3	Medium	2331.3	N/A	1170.0	N/A	259.2	N/A
HYBRID_VAC_TLS012_Plate 2	O11	SARS-CoV-2	PLATE5_A08	IGHV2-70;IGHJ4-1	11	3.11	3690.83	100000.00	100000.00	100000.00	100000.00	RBD	Not competing	281465.1		0.10995				0.118			3381.1	N/A				
HYBRID_VAC_TLS012_Plate 2	O23	SARS-CoV-2	PLATE5_A10	IGHV1-69;IGHJ4-1	20	5.56	119.55	100000.00	100000.00	100000.00	100000.00	RBD	Not competing	1424571.1		0.09265				0.113			2047.8	N/A				
HYBRID_VAC_TLS012_Plate 3	B06	SARS-CoV-2	PLATE5_A11	IGHV1-2;IGHJ3-1	21	6.94	26.10	100000.00	100000.00	100000.00	100000.00	RBD	Class 1/2	830600.5		0.10875				0.122			11701.9	low				
HYBRID_VAC_TLS012_Plate 3	B08	SARS-CoV-2	PLATE5_A12				116.53	100000.00	100000.00	100000.00	100000.00	RBD	Class 1/2	889451.6	yes	0.21585	178.9	N/A		0.195			1655.2	N/A	5048.2	Low		
HYBRID_VAC_TLS012_Plate 3	C09	SARS-CoV-2	PLATE5_B01				143.25	35.81	315.41	6.97	100000.00	RBD	Class 1/2	1021788.7	yes	2.0941	387601.0	Low	yes	1.436	373256.8	Low	2867.0	N/A	1928.5	N/A	322.7	N/A
HYBRID_VAC_TLS012_Plate 3	C11	SARS-CoV-2	PLATE5_B02	IGHV2-70D;IGHJ4-1	12	4.47	418.91	100000.00	100000.00	100000.00	100000.00	RBD	Class 1/2	666934.9		0.11405				0.112			2163.3	N/A				
HYBRID_VAC_TLS012_Plate 3	D12	SARS-CoV-2	PLATE5_B03	IGHV4-39;IGHJ6-1	12	8.59	65.35	100000.00	100000.00	100000.00	100000.00	RBD	Class 3	1027003.2	yes	0.21895	184.6	N/A		0.155			1851.1	N/A	5226.2	Low		
HYBRID_VAC_TLS012_Plate 3	D18	SARS-CoV-2	PLATE5_B04	IGHV3-66;IGHJ4-1	11	8.80	99.42	100000.00	100000.00	100000.00	100000.00	RBD	Class 1/2	852249.3	yes	0.4678	377.0	N/A		0.167			1731.8	N/A	5569.0	Low		
HYBRID_VAC_TLS012_Plate 3	D20	SARS-CoV-2	PLATE5_B05	IGHV1-69;IGHJ4-1	20	9.03	96.36	100000.00	100000.00	100000.00	100000.00	RBD	Class 3	855923.2		0.1069				0.177			2090.0	N/A				
HYBRID_VAC_TLS012_Plate 3	D21	SARS-CoV-2	PLATE5_B06	IGHV3-66;IGHJ6-1	11	5.28	271.11	100000.00	100000.00	100000.00	100000.00	RBD	Class 1/2	973396.9		0.1085				0.116			1603.9	N/A				
HYBRID_VAC_TLS012_Plate 3	E16	SARS-CoV-2	PLATE5_B08	IGHV1-24;IGHJ6-1	21	2.78	485.51	100000.00	100000.00	100000.00	100000.00	NTD	4A8	1217186.873		0.11485				0.114			9696.3	low				
HYBRID_VAC_TLS012_Plate 3	E23	SARS-CoV-2	PLATE5_B09				387.40	100000.00	100000.00	100000.00	100000.00	RBD	Not competing	876660.6		0.1002				0.117			3793.0	N/A				
HYBRID_VAC_TLS012_Plate 3	F09	SARS-CoV-2	PLATE5_B10	IGHV3-66;IGHJ6-1	13	7.39	249.28	498.57	780.74	8.63	100000.00	RBD	Class 1/2	833156.0	yes	1.508	326905.5	Low	yes	1.018	346918.0	Low	1837.3	N/A	1123.2	N/A	298.5	N/A
HYBRID_VAC_TLS012_Plate 3	F21	SARS-CoV-2	PLATE5_B11	IGHV3-66;IGHJ4-1	15	3.17	823.85	100000.00	100000.00	100000.00	100000.00	RBD	Class 1/2	733065.5		0.1071				0.133			3586.5	N/A				
HYBRID_VAC_TLS012_Plate 3	F23	SARS-CoV-2	PLATE5_B12	IGHV3-15;IGHJ3-1	16	4.78	20.45	1445.90	1193.07	100000.00	100000.00	RBD	Class 3	1070223.6	yes	2.0034	671540.2	medium		0.178			6754.1	low	24579.9	medium		
HYBRID_VAC_TLS012_Plate 3	G10	SARS-CoV-2	PLATE5_C01	IGHV3-20;IGHJ3-1	19	4.86	2801.97	990.65	1408.22	352.06	704.11	RBD	Class 4	941978.0	yes	2.94625	707157.1	medium	yes	3.265	390011.4	Low	2511.8	N/A	1589.7	N/A	784.6	N/A
HYBRID_VAC_TLS012_Plate 3	G12	SARS-CoV-2	PLATE5_C02	IGHV1-69;IGHJ5-1	17	11.11	1298.42	100000.00	100000.00	100000.00	100000.00	RBD	Not competing	1302734.1	yes	2.36745	532549.4	medium		0.108			2244.7	N/A	1280.4	N/A		
HYBRID_VAC_TLS012_Plate 3	G20	SARS-CoV-2	PLATE5_C03	IGHV1-69;IGHJ6-1	21	5.21	134.50	100000.00	100000.00	100000.00	100000.00	RBD	Not competing	1208415.6		0.1214				0.137			25976.4	medium				
HYBRID_VAC_TLS012_Plate 3	G21	SARS-CoV-2	PLATE5_C04	IGHV1-24;IGHJ6-1	21	2.78	474.90	100000.00	100000.00	100000.00	100000.00	NTD	4A8	1267751.613		0.1075				0.135			8980.7	low				
HYBRID_VAC_TLS012_Plate 3	H05	SARS-CoV-2	PLATE5_C05	IGHV3-53;IGHJ6-1	11	5.28	103.74	100000.00	100000.00	100000.00	100000.00	RBD	Class 1/2	1125979.6	yes	0.26605	211.1	N/A		0.106			1931.6	N/A	5429.5	Low		
HYBRID_VAC_TLS012_Plate 3	H10	SARS-CoV-2	PLATE5_C06	IGHV3-66;IGHJ6-1	11	4.91	419.61	100000.00	100000.00	100000.00	100000.00	RBD	Class 1/2	854062.7		0.12015				0.111			1948.0	N/A				
HYBRID_VAC_TLS012_Plate 3	I15	SARS-CoV-2	PLATE5_C08	IGHV3-66;IGHJ4-1	8	7.75	850.38	2405.25	100000.00	100000.00	100000.00	RBD	Class 1/2	696512.5	yes	0.58385	219745.2	Low		0.105			4984.0	low	3806.0	N/A		
HYBRID_VAC_TLS012_Plate 3	J10	SARS-CoV-2	PLATE5_C09	IGHV3-66;IGHJ6-1	11	3.87	1576.04	100000.00	100000.00	100000.00	100000.00	RBD	Class 1/2	649572.0	yes	0.6277	7829.5	N/A	yes	0.322	173752.9	Low	1949.8	N/A	5311.9	Low	8495.8	Low
HYBRID_VAC_TLS012_Plate 3	L22	SARS-CoV-2	PLATE5_C10	IGHV3-66;IGHJ4-1	10	5.26	312.07	100000.00	100000.00	100000.00	100000.00	RBD	Class 1/2	797951.3	yes	0.72355	250152.9	Low	yes	0.444	213918.7	Low	2778.2	N/A	5189.4	Low	8706.8	Low
HYBRID_VAC_TLS012_Plate 3	M06	SARS-CoV-2	PLATE5_C11	IGHV1-46;IGHJ6-1	27	5.21	1293.97	100000.00	100000.00	100000.00	100000.00	NTD	4A8	1649528.315	yes	2.537	176347.7	Low	yes	1.281	442383.0	Medium	18794.6	medium	8489.9	Low	0.0	N/A
HYBRID_VAC_TLS012_Plate 3	N03	SARS-CoV-2	PLATE5_C12	IGHV3-9;IGHJ6-1	18	5.96	22.42	100000.00	100000.00	100000.00	100000.00	RBD	Class 3	1681273.6		0.10465				0.136			30431.6	medium				
HYBRID_VAC_TLS012_Plate 3	N05	SARS-CoV-2	PLATE5_D01	IGHV1-24;IGHJ6-1	21	2.78	501.24	100000.00	100000.00	100000.00	100000.00	NTD	4A8	2078810.573		0.11735				0.195			16979.9	medium				
HYBRID_VAC_TLS012_Plate 3	N10	SARS-CoV-2	PLATE5_D02	IGHV1-69;IGHJ4-1	20	7.64	168.26	100000.00	100000.00	100000.00	100000.00	RBD	Not competing	1149170.9		0.0948				0.127			3994.2	N/A				
HYBRID_VAC_TLS012_Plate 3	N16	SARS-CoV-2	PLATE5_D03	IGHV1-69;IGHJ5-1	18	8.68	1079.16	100000.00	100000.00	100000.00	100000.00	RBD	Class 1/2	976318.0		0.13085				0.182			10419.1	low				
HYBRID_VAC_TLS012_Plate 3	O07	Cross-neutralizing	PLATE5_D04	IGHV1-46;IGHJ4-1	23	10.76	479.92	169.68	311.47	77.87	155.74	RBD	Class 4	1272890.2	yes	2.0219	942107.1	High	yes	1.845	401902.0	Medium	2273.3	N/A	1792.8	N/A	2333.6	N/A
HYBRID_VAC_TLS012_Plate 3	O12	SARS-CoV-2	PLATE5_D05	IGHV1-69;IGHJ3-1	12	8.33	7.95	22.48	136.91	100000.00	100000.00	RBD	Class 3	1381398.5	yes	1.28855	996444.1	High		0.107			11237.8	low	16966.4	medium		
HYBRID_VAC_TLS012_Plate 4	B09	SARS-CoV-2	PLATE5_D06	IGHV1-69;IGHJ4-1	16	5.90	13.96	100000.00	100000.00	100000.00	100000.00	RBD	Class 1/2	1348324.9		0.1029				0.106			6678.5	low				
HYBRID_VAC_TLS012_Plate 4	B22	SARS-CoV-2	PLATE5_D08	IGHV3-66;IGHJ6-1	15	7.75	38.89	100000.00	100000.00	100000.00	100000.00	RBD	Class 1/2	779963.7		0.11095				0.109			1996.3	N/A				
HYBRID_VAC_TLS012_Plate 4	C12	SARS-CoV-2	PLATE5_D10	IGHV3-48;IGHJ2-1	21	8.33	87.74	100000.00	100000.00	100000.00	100000.00	RBD	Not competing	1206822.6	yes	1.0254	667233.2	medium	yes	0.349	444994.8	Medium	15983.3	low	18072.9	medium	9290.7	Low
HYBRID_VAC_TLS012_Plate 4	C14	SARS-CoV-2	PLATE5_D11	IGHV3-53;IGHJ4-1	11	6.32	155.85	110.20	100000.00	381.97	100000.00	RBD	Class 1/2	753689.1	yes	1.88205	265184.8	Low	yes	0.986	532084.9	Medium	2745.0	N/A	1176.3	N/A	414.8	N/A
HYBRID_VAC_TLS012_Plate 4	D14	SARS-CoV-2	PLATE5_E01	IGHV1-69;IGHJ5-1	18	6.60	86.43	100000.00	100000.00	100000.00	100000.00	RBD	Class 1/2	880445.7		0.11815				0.141			2992.4	N/A				
HYBRID_VAC_TLS012_Plate 4	D22	SARS-CoV-2	PLATE5_E02	IGHV3-66;IGHJ6-1	11	4.93	144.57	100000.00	100000.00	11660.14	100000.00	RBD	Class 1/2	603939.9	yes	1.6673	261421.1	Low	yes	0.852	542933.3	Medium	1680.1	N/A	4218.1	Low	5828.6	Low
HYBRID_VAC_TLS012_Plate 4	F07	SARS-CoV-2	PLATE5_E04	IGHV3-9;IGHJ6-1	18	4.56	396.17	100000.00	100000.00	100000.00	100000.00	RBD	Class 3	749679.6		0.10125				0.147			25132.7	medium				
HYBRID_VAC_TLS012_Plate 4	F08	SARS-CoV-2	PLATE5_E05	IGHV3-48;IGHJ6-1	22	2.60	535.71	100000.00	100000.00	100000.00	100000.00	NTD	4A8	1026659.722		0.09315				0.103			8561.1	low				
HYBRID_VAC_TLS012_Plate 4	G02	SARS-CoV-2	PLATE5_E07				303.39	858.10	100000.00	1767.18	100000.00	RBD	Class 1/2	924296.7	yes	0.9069	399012.8	Low	yes	0.495	541957.9	Medium	2342.6	N/A	3708.7	N/A	2204.3	N/A
HYBRID_VAC_TLS012_Plate 4	H16	SARS-CoV-2	PLATE5_E08	IGHV1-2;IGHJ6-1	23	6.94	120.66	100000.00	100000.00	100000.00	100000.00	RBD	Class 1/2	967067.7		0.0969				0.099			3663.4	N/A				
HYBRID_VAC_TLS012_Plate 4	H17	SARS-CoV-2	PLATE5_E09	IGHV3-9;IGHJ6-1	19	4.91	37.52	2653.26	3756.42	100000.00	100000.00	NTD	4A8	1006765.591	yes	1.59145	581729.0	medium		0.109			31916.1	medium	31459.7	high		
HYBRID_VAC_TLS012_Plate 4	I21	SARS-CoV-2	PLATE5_E10	IGHV1-69;IGHJ4-1	20	6.94	321.59	100000.00	100000.00	100000.00	100000.00	RBD	Not competing	807700.7		0.09305				0.093			2293.3	N/A				
HYBRID_VAC_TLS012_Plate 4	I23	SARS-CoV-2	PLATE5_E11	IGHV4-59;IGHJ5-1	15	5.84	431.60	100000.00	100000.00	100000.00	100000.00	RBD	Class 3	675087.4	yes	0.18365	136.2	N/A		0.102			2119.7	N/A	5054.4	Low		
HYBRID_VAC_TLS012_Plate 4	L17	SARS-CoV-2	PLATE5_E12	IGHV4-39;IGHJ6-1	12	9.97	18.39	100000.00	100000.00	100000.00	100000.00	RBD	Class 3	897667.7	yes	0.4087	317.9	N/A		0.119			2484.4	N/A	5047.5	Low		
HYBRID_VAC_TLS012_Plate 4	M04	SARS-CoV-2	PLATE5_F01	IGHV1-24;IGHJ6-1	21	2.43	229.39	100000.00	100000.00	100000.00	100000.00	NTD	4A8	1418814.516		0.114				0.153			19563.7	medium				
HYBRID_VAC_TLS012_Plate 4	M13	SARS-CoV-2	PLATE5_F03				263.79	100000.00	100000.00	100000.00	100000.00	RBD	Class 1/2	774590.9		0.1036				0.118			1979.6	N/A				
HYBRID_VAC_TLS012_Plate 4	M20	SARS-CoV-2	PLATE5_F04	IGHV1-2;IGHJ3-1	21	7.99	21.74	100000.00	100000.00	100000.00	100000.00	RBD	Class 1/2	1027459.7		0.1079				0.158			10721.3	low				
HYBRID_VAC_TLS012_Plate 4	N09	SARS-CoV-2	PLATE5_F05	IGHV1-69;IGHJ5-1	18	8.33	149.07	100000.00	100000.00	100000.00	100000.00	RBD	Class 1/2	1221867.4		0.10095				0.098			6744.1	low				
HYBRID_VAC_TLS012_Plate 4	O21	SARS-CoV-2	PLATE5_F08	IGHV3-49;IGHJ5-1	20	5.80	3082.74	100000.00	100000.00	100000.00	100000.00	RBD	Not competing	673373.5	yes	0.1892	40154.2	N/A		0.101			19847.8	medium	5947.4	Low		
HYBRID_VAC_TLS012_Plate 5	B08	SARS-CoV-2	PLATE5_F09	IGHV1-69;IGHJ5-1	17	2.08	1390.31	100000.00	100000.00	100000.00	100000.00	RBD	Not competing	927554.4	yes	1.1763	800.8	N/A		0.104			1974.1	N/A	5292.6	Low		
HYBRID_VAC_TLS012_Plate 5	B23	SARS-CoV-2	PLATE5_F11	IGHV3-66;IGHJ3-1	12	3.52	172.14	100000.00	100000.00	100000.00	100000.00	RBD	Class 1/2	832727.8	yes	0.38735	293.1	N/A	yes	0.199	36046.3	N/A	2979.8	N/A	6085.0	Low	9406.8	Low
HYBRID_VAC_TLS012_Plate 5	C05	SARS-CoV-2	PLATE5_F12				350.58	175.29	100000.00	65.86	100000.00	RBD	Class 1/2	484392.5	yes	1.7096	323201.6	Low	yes	1.327	355528.7	Low	2300.0	N/A	1215.0	N/A	247.1	N/A
HYBRID_VAC_TLS012_Plate 5	C23	SARS-CoV-2	PLATE5_G01				1370.87	100000.00	100000.00	100000.00	100000.00	RBD	Not competing	365743.2		0.1146				0.181			3091.0	N/A				
HYBRID_VAC_TLS012_Plate 5	D12	SARS-CoV-2	PLATE5_G02	IGHV1-69;IGHJ4-1	16	5.21	17.53	100000.00	100000.00	100000.00	100000.00	RBD	Class 1/2	1215238.7		0.1027				0.106			5551.8	low				
HYBRID_VAC_TLS012_Plate 5	E18	SARS-CoV-2	PLATE5_G03	IGHV3-9;IGHJ4-1	19	5.56	539.21	100000.00	100000.00	100000.00	100000.00	RBD	Class 3	910283.9	yes	0.76525	657.1	N/A		0.101			1992.2	N/A	4587.9	Low		
HYBRID_VAC_TLS012_Plate 5	E20	SARS-CoV-2	PLATE5_G04	IGHV3-66;IGHJ3-1	11	1.05	207.75	100000.00	100000.00	100000.00	100000.00	RBD	Class 1/2	270428.8	yes	0.27525	239.2	N/A		0.167			2582.3	N/A	4394.7	Low		
HYBRID_VAC_TLS012_Plate 5	F05	SARS-CoV-2	PLATE5_G05	IGHV1-69;IGHJ4-1	16	5.90	20.49	100000.00	100000.00	100000.00	100000.00	RBD	Class 1/2	1503873.7		0.09365				0.100			4578.7	low				
HYBRID_VAC_TLS012_Plate 5	F16	SARS-CoV-2	PLATE5_G06	IGHV3-9;IGHJ6-1	16	3.13	84.70	100000.00	100000.00	100000.00	100000.00	RBD	Class 1/2	662356.5		0.1047				0.096			2558.8	N/A				
HYBRID_VAC_TLS012_Plate 5	F22	SARS-CoV-2	PLATE5_G08	IGHV3-66;IGHJ4-1	12	10.53	167.39	18.94	59.59	14.90	29.80	RBD	Class 1/2	1219554.8	yes	1.38945	687637.1	medium	yes	0.744	349583.4	Low	2558.8	N/A	1108.6	N/A	169.8	N/A
HYBRID_VAC_TLS012_Plate 5	G06	SARS-CoV-2	PLATE5_G09	IGHV3-66;IGHJ4-1	11	4.56	353.46	100000.00	100000.00	100000.00	100000.00	RBD	Class 1/2	586084.1		0.1222				0.106			2551.3	N/A				
HYBRID_VAC_TLS012_Plate 5	G10	SARS-CoV-2	PLATE5_G10	IGHV1-46;IGHJ6-1	27	7.64	1932.76	100000.00	100000.00	100000.00	100000.00	NTD	4A8	1191910.17	yes	2.06675	86408.9	N/A	yes	1.216	367674.0	Low	17059.8	medium	9112.6	Low	0.0	N/A
HYBRID_VAC_TLS012_Plate 5	G20	SARS-CoV-2	PLATE5_G11	IGHV1-2;IGHJ4-1	15	6.25	6.22	100000.00	100000.00	100000.00	100000.00	RBD	Class 1/2	2502385.1		0.12805				0.178			22178.1	medium				
HYBRID_VAC_TLS012_Plate 5	H02	SARS-CoV-2	PLATE5_G12	IGHV1-69;IGHJ4-1	16	7.29	81.18	100000.00	100000.00	100000.00	100000.00	RBD	Class 1/2	1701596.4	yes	0.26595	131.8	N/A	yes	0.277	808.7	N/A	2473.7	N/A	5505.3	Low	8343.1	Low
HYBRID_VAC_TLS012_Plate 5	H09	SARS-CoV-2	PLATE5_H01				587.91	3325.74	100000.00	2504.06	100000.00	RBD	Class 1/2	462092.5	yes	1.72305	392145.5	Low	yes	0.547	3900.0	N/A	1207.3	N/A	3400.6	N/A	0.0	N/A
HYBRID_VAC_TLS012_Plate 5	H10	SARS-CoV-2	PLATE5_H02	IGHV1-69;IGHJ4-1	16	12.67	55.44	100000.00	100000.00	100000.00	100000.00	RBD	Class 1/2	968558.9		0.13395				0.154			10044.9	low				
HYBRID_VAC_TLS012_Plate 5	H19	SARS-CoV-2	PLATE5_H03				59.21	100000.00	100000.00	100000.00	100000.00	RBD	Class 3	786791.7	yes	0.2515	208037.7	Low		0.114			8091.2	low	5721.6	Low		
HYBRID_VAC_TLS012_Plate 5	I03	SARS-CoV-2	PLATE5_H04	IGHV1-69;IGHJ4-1	15	7.99	14.45	100000.00	100000.00	100000.00	100000.00	RBD	Class 1/2	943700.7		0.14595				0.109			15066.2	low				
HYBRID_VAC_TLS012_Plate 5	I04	SARS-CoV-2	PLATE5_H05	IGHV1-69;IGHJ4-1	20	5.90	267.18	100000.00	100000.00	100000.00	100000.00	RBD	Not competing	764058.2		0.1375				0.108			5368.0	low				
HYBRID_VAC_TLS012_Plate 5	I05	SARS-CoV-2	PLATE5_H06	IGHV3-66;IGHJ4-1	13	5.28	107.06	100000.00	100000.00	100000.00	100000.00	RBD	Class 1/2	724306.8	yes	0.4949	2166.7	N/A		0.177			6390.7	low	5973.1	Low		
HYBRID_VAC_TLS012_Plate 5	I15	SARS-CoV-2	PLATE5_H08	IGHV4-61;IGHJ3-1	19	6.53	254.51	100000.00	100000.00	100000.00	100000.00	RBD	Class 4	1019681.0		0.1083				0.145			2775.3	N/A				
HYBRID_VAC_TLS012_Plate 5	I22	SARS-CoV-2	PLATE5_H09	IGHV1-69;IGHJ5-1	15	5.56	8.35	1670.15	5117.10	100000.00	100000.00	RBD	Class 3	1061845.0	yes	1.22615	691535.2	medium		0.104			14009.3	low	24939.0	medium		
HYBRID_VAC_TLS012_Plate 5	J04	SARS-CoV-2	PLATE5_H11	IGHV1-69;IGHJ5-1	18	7.29	131.74	100000.00	100000.00	100000.00	100000.00	RBD	Class 1/2	1248385.4		0.1009				0.175			3125.6	N/A				
HYBRID_VAC_TLS012_Plate 5	J16	SARS-CoV-2	PLATE5_H12	IGHV1-2;IGHJ4-1	19	3.47	779.39	100000.00	100000.00	100000.00	100000.00	NTD	4A8	1364441.711		0.11075				0.175			11727.6	low				
HYBRID_VAC_TLS012_Plate 5	K03	SARS-CoV-2	PLATE6_A01	IGHV1-69;IGHJ5-1	18	5.56	489.54	100000.00	100000.00	100000.00	100000.00	RBD	Not competing	1106310.9		0.0967				0.160			6980.7	low				
HYBRID_VAC_TLS012_Plate 5	K04	SARS-CoV-2	PLATE6_A02	IGHV1-69;IGHJ4-1	20	4.51	186.94	100000.00	100000.00	100000.00	100000.00	RBD	Class 3	1284898.7		0.09555				0.109			3586.6	N/A				
HYBRID_VAC_TLS012_Plate 5	K14	SARS-CoV-2	PLATE6_A03	IGHV1-69;IGHJ4-1	20	3.47	108.97	100000.00	100000.00	100000.00	100000.00	RBD	Class 3	1139463.0		0.10035				0.140			3012.1	N/A				
HYBRID_VAC_TLS012_Plate 5	L11	SARS-CoV-2	PLATE6_A05	IGHV1-69;IGHJ4-1	20	7.64	539.67	100000.00	100000.00	100000.00	100000.00	RBD	Not competing	945307.0		0.0927				0.085			3148.4	N/A				
HYBRID_VAC_TLS012_Plate 5	L23	SARS-CoV-2	PLATE6_A06	IGHV1-24;IGHJ4-1	15	4.86	393.03	100000.00	100000.00	100000.00	100000.00	NTD	4A8	1463254.839		0.11365				0.103			17668.5	medium				
HYBRID_VAC_TLS012_Plate 5	M10	SARS-CoV-2	PLATE6_A07	IGHV3-66;IGHJ4-1	12	4.93	516.19	365.00	100000.00	114.16	100000.00	RBD	Not competing	903703.6	yes	1.04895	385350.2	Low	yes	0.680	410018.9	Medium	2831.5	N/A	3331.2	N/A	2547.4	N/A
HYBRID_VAC_TLS012_Plate 5	M14	SARS-CoV-2	PLATE6_A09				887.47	100000.00	100000.00	100000.00	100000.00	RBD	Not competing	1333454.3	yes	1.7744	596189.9	medium	yes	0.328	173939.4	Low	2389.3	N/A	3391.5	N/A	7981.0	Low
HYBRID_VAC_TLS012_Plate 5	M16	SARS-CoV-2	PLATE6_A10	IGHV1-69;IGHJ4-1	18	3.13	176.56	100000.00	100000.00	100000.00	100000.00	RBD	Class 3	1467295.6		0.106				0.135			7269.9	low				
HYBRID_VAC_TLS012_Plate 5	M19	SARS-CoV-2	PLATE6_A11	IGHV3-30;IGHJ4-1	20	4.86	644.00	100000.00	100000.00	100000.00	100000.00	NTD	4A8	1072495.699		0.1373				0.110			8861.1	low				
HYBRID_VAC_TLS012_Plate 5	N18	SARS-CoV-2	PLATE6_A12	IGHV3-66;IGHJ6-1	11	9.86	672.52	336.26	100000.00	46.51	100000.00	RBD	Not competing	852484.2	yes	2.16625	412713.0	medium	yes	1.046	417.6	N/A	1939.4	N/A	2076.4	N/A	7359.6	Low
HYBRID_VAC_TLS012_Plate 5	N20	SARS-CoV-2	PLATE6_B01	IGHV1-69;IGHJ4-1	20	4.51	28.82	100000.00	100000.00	100000.00	100000.00	RBD	Class 3	1271235.3		0.10025				0.124			2158.0	N/A				
HYBRID_VAC_TLS012_Plate 5	N22	SARS-CoV-2	PLATE6_B02	IGHV3-53;IGHJ4-1	11	7.04	326.95	100000.00	100000.00	100000.00	100000.00	RBD	Class 1/2	702058.1		0.09185			yes	0.408	1815.3	N/A	2807.0	N/A			9703.6	Low
HYBRID_VAC_TLS012_Plate 5	O02	SARS-CoV-2	PLATE6_B03	IGHV1-69;IGHJ5-1	17	5.90	715.21	100000.00	100000.00	100000.00	100000.00	RBD	Not competing	1218225.9	yes	1.03785	315525.2	Low		0.196			3332.4	N/A	5436.6	Low		
HYBRID_VAC_TLS012_Plate 5	O13	SARS-CoV-2	PLATE6_B04	IGHV3-21;IGHJ4-1	14	5.57	49.94	100000.00	100000.00	100000.00	100000.00	RBD	Class 3	1344964.1		0.161				0.101			26351.6	medium				
HYBRID_VAC_TLS012_Plate 5	O19	SARS-CoV-2	PLATE6_B05	IGHV3-66;IGHJ6-1	11	7.02	411.40	100000.00	100000.00	100000.00	100000.00	RBD	Class 1/2	989614.5		0.1402				0.099			3010.8	N/A				
HYBRID_VAC_TLS013_Plate 1	B03	SARS-CoV-2	PLATE6_B06	IGHV1-58;IGHJ3-1	16	9.51	655.84	100000.00	100000.00	2806.85	100000.00	RBD	Class 1/2	1027617.3	yes	0.53395	356757.8	Low	yes	0.215	298704.8	Low	3748.2	N/A	6124.4	Low	8022.3	Low
HYBRID_VAC_TLS013_Plate 1	B10	SARS-CoV-2	PLATE6_B08	IGHV1-69;IGHJ4-1	18	7.29	38.28	100000.00	100000.00	100000.00	100000.00	RBD	Class 1/2	1262117.0		0.1297				0.113			12791.5	low				
HYBRID_VAC_TLS013_Plate 1	E09	SARS-CoV-2	PLATE6_B11	IGHV3-20;IGHJ5-1	18	7.32	85.96	486.25	100000.00	1636.62	100000.00	RBD	Class 1/2	1080947.1	yes	1.98025	353100.0	Low	yes	0.722	274541.4	Low	6134.1	low	4673.3	Low	7813.9	Low
HYBRID_VAC_TLS013_Plate 1	F12	SARS-CoV-2	PLATE6_B12	IGHV1-3;IGHJ5-1	16	7.64	654.07	100000.00	100000.00	100000.00	100000.00	RBD	Class 3	1191789.5	yes	0.586	225.1	N/A		0.135			2289.3	N/A	5170.3	Low		
HYBRID_VAC_TLS013_Plate 1	F20	SARS-CoV-2	PLATE6_C01	IGHV3-21;IGHJ6-1	25	5.57	313.44	100000.00	100000.00	100000.00	100000.00	RBD	Class 1/2	1012342.4	yes	0.76035	875.6	N/A	yes	0.565	286885.9	Low	8430.8	low	6492.3	Low	9065.0	Low
HYBRID_VAC_TLS013_Plate 1	G18	SARS-CoV-2	PLATE6_C02	IGHV3-20;IGHJ5-1	18	7.29	20.92	236.74	100000.00	957.70	100000.00	RBD	Class 1/2	1290495.2	yes	2.02135	435472.7	medium	yes	1.142	325353.2	Low	5295.3	low	3784.2	N/A	3291.1	N/A
HYBRID_VAC_TLS013_Plate 1	H02	SARS-CoV-2	PLATE6_C03	IGHV1-3;IGHJ5-1	16	7.64	1000.33	100000.00	100000.00	100000.00	100000.00	RBD	Class 3	1249686.7	yes	0.54085	393.1	N/A		0.193			2449.1	N/A	5172.3	Low		
HYBRID_VAC_TLS013_Plate 1	I18	SARS-CoV-2	PLATE6_C05	IGHV1-69;IGHJ4-1	20	6.60	52.85	100000.00	100000.00	100000.00	100000.00	RBD	Class 1/2	1462011.6	yes	0.72515	48771.3	N/A		0.134			4549.6	low	5999.8	Low		
HYBRID_VAC_TLS013_Plate 1	J12	SARS-CoV-2	PLATE6_C06	IGHV1-58;IGHJ3-1	16	7.39	119.56	100000.00	100000.00	100000.00	100000.00	RBD	Class 1/2	1499975.6		0.1656				0.096			2479.3	N/A				
HYBRID_VAC_TLS013_Plate 1	L12	SARS-CoV-2	PLATE6_C08	IGHV3-20;IGHJ5-1	18	8.68	68.43	68.43	840.21	148.53	3360.83	RBD	Class 1/2	1139212.2	yes	1.7373	421469.8	medium	yes	0.571	298701.7	Low	6118.1	low	1744.3	N/A	373.2	N/A
HYBRID_VAC_TLS013_Plate 1	L23	SARS-CoV-2	PLATE6_C09	IGHV1-69;IGHJ3-1	16	10.42	1035.09	100000.00	100000.00	100000.00	100000.00	RBD	Class 3	1313661.0		0.08905				0.096			3434.4	N/A				
HYBRID_VAC_TLS013_Plate 1	M02	SARS-CoV-2	PLATE6_C10				164.40	100000.00	100000.00	223.02	100000.00	RBD	Class 1/2	1306605.9	yes	0.9978	545954.8	medium	yes	0.443	328230.6	Low	3620.2	N/A	5456.1	Low	4375.5	Low
HYBRID_VAC_TLS013_Plate 1	M11	SARS-CoV-2	PLATE6_C12	IGHV4-39;IGHJ4-1	9	6.87	131.13	100000.00	100000.00	100000.00	100000.00	RBD	Class 1/2	1097759.1	yes	0.6806	1429.4	N/A		0.144			7104.4	low	6058.7	Low		
HYBRID_VAC_TLS013_Plate 1	M23	SARS-CoV-2	PLATE6_D01	IGHV1-58;IGHJ3-1	16	5.23	192.12	100000.00	100000.00	100000.00	100000.00	RBD	Class 1/2	1301330.2		0.1213			yes	0.311	840.1	N/A	2403.6	N/A			8263.5	Low
HYBRID_VAC_TLS013_Plate 1	O04	SARS-CoV-2	PLATE6_D03	IGHV3-30;IGHJ5-1	18	5.23	77.51	100000.00	100000.00	100000.00	100000.00	NTD	4A8	1028796.371		0.09605				0.095			7947.8	low				
HYBRID_VAC_TLS014_Plate 1	B07	SARS-CoV-2	PLATE6_D06	IGHV1-24;IGHJ6-1	21	5.21	1372.30	100000.00	100000.00	100000.00	100000.00	S protein trimer	Not competing	426643.2796		0.08505				0.136			3754.8	N/A				
HYBRID_VAC_TLS014_Plate 1	C16	SARS-CoV-2	PLATE6_D07	IGHV1-58;IGHJ3-1	16	8.45	93.34	100000.00	100000.00	100000.00	100000.00	RBD	Class 1/2	861005.4		0.0886				0.102			2213.9	N/A				
HYBRID_VAC_TLS014_Plate 1	C22	SARS-CoV-2	PLATE6_D08				294.89	417.04	100000.00	100000.00	100000.00	NTD	4A8	954406.5412	yes	0.70335	850974.2	High	yes	0.400	82445.9	N/A	5863.4	low	9856.1	Low	0.0	N/A
HYBRID_VAC_TLS014_Plate 1	C23	SARS-CoV-2	PLATE6_D09	IGHV3-53;IGHJ6-1	9	10.56	207.03	146.40	100000.00	424.17	100000.00	RBD	Class 1/2	685463.3	yes	1.2113	458670.1	medium	yes	1.251	500321.6	Medium	3031.7	N/A	2109.8	N/A	3589.1	N/A
HYBRID_VAC_TLS014_Plate 1	D10	SARS-CoV-2	PLATE6_D10	IGHV1-24;IGHJ4-1	17	4.86	377.88	100000.00	100000.00	100000.00	100000.00	S protein trimer		1184937.993	yes	0.0943	198104.0	Low	yes	0.216	2709.1	N/A	7066.6	low	12587.4	Low	0.0	N/A
HYBRID_VAC_TLS014_Plate 1	D22	SARS-CoV-2	PLATE6_D11	IGHV3-23;IGHJ4-1	16	6.94	450.89	100000.00	100000.00	100000.00	100000.00	NTD	4A8	1148145.027		0.59955			yes	0.226	18651.3	N/A	10801.8	low			0.0	N/A
HYBRID_VAC_TLS014_Plate 1	F15	SARS-CoV-2	PLATE6_E03				6.47	100000.00	100000.00	100000.00	100000.00	RBD	Class 1/2	1393024.3		0.1188				0.123			14160.4	low				
HYBRID_VAC_TLS014_Plate 1	G04	SARS-CoV-2	PLATE6_E05				240.37	100000.00	100000.00	100000.00	100000.00	NTD	4A8	1524262.231		0.0966				0.125			7698.4	low				
HYBRID_VAC_TLS014_Plate 1	G06	SARS-CoV-2	PLATE6_E06				51.25	100000.00	100000.00	100000.00	100000.00	RBD	Not competing	1558584.7		0.09865				0.124			3923.1	N/A				
HYBRID_VAC_TLS014_Plate 1	G17	SARS-CoV-2	PLATE6_E07	IGHV1-8;IGHJ4-1	11	3.13	252.50	100000.00	100000.00	100000.00	100000.00	RBD	Not competing	882057.3		0.08865				0.100			3819.9	N/A				
HYBRID_VAC_TLS014_Plate 1	H09	SARS-CoV-2	PLATE6_E10				113.82	100000.00	100000.00	100000.00	100000.00	NTD	4A8	1460456.317		0.09215				0.115			8726.9	low				
HYBRID_VAC_TLS014_Plate 1	H10	SARS-CoV-2	PLATE6_E11	IGHV1-69;IGHJ6-1	23	4.17	607.07	100000.00	100000.00	100000.00	100000.00	NTD	4A8	1143103.495		0.0936				0.137			14180.4	low				
HYBRID_VAC_TLS014_Plate 1	J16	SARS-CoV-2	PLATE6_F04				19.00	100000.00	100000.00	100000.00	100000.00	RBD	Class 1/2	1215238.7		0.0992				0.115			9251.1	low				
HYBRID_VAC_TLS014_Plate 1	J17	SARS-CoV-2	PLATE6_F05	IGHV3-53;IGHJ3-1	14	7.37	15.09	100000.00	100000.00	100000.00	100000.00	RBD	Class 1/2	1238068.5		0.0898				0.107			3189.7	N/A				
HYBRID_VAC_TLS014_Plate 1	J19	SARS-CoV-2	PLATE6_F07				13.34	18.87	42.89	485.28	100000.00	RBD	Class 1/2	1697542.2	yes	1.06205	1047067.5	High	yes	0.422	525218.0	Medium	3690.8	N/A	9534.2	Low	6704.3	Low
HYBRID_VAC_TLS014_Plate 1	K07	SARS-CoV-2	PLATE6_F09	IGHV1-69;IGHJ4-1	22	4.17	27.94	100000.00	100000.00	100000.00	100000.00	RBD	Class 1/2	1418017.9		0.0921				0.099			3640.1	N/A				
HYBRID_VAC_TLS014_Plate 1	K15	SARS-CoV-2	PLATE6_F10	IGHV1-2;IGHJ4-1	16	8.33	8.85	100000.00	100000.00	100000.00	100000.00	RBD	Class 1/2	1414381.2		0.09135				0.108			3382.0	N/A				
HYBRID_VAC_TLS014_Plate 1	K23	SARS-CoV-2	PLATE6_F12	IGHV3-53;IGHJ6-1	9	10.21	155.54	100000.00	100000.00	1332.70	100000.00	RBD	Class 1/2	1207935.7	yes	1.15485	347911.5	Low	yes	0.602	563720.5	Medium	4830.2	low	5159.3	Low	6575.6	Low
HYBRID_VAC_TLS014_Plate 1	L15	SARS-CoV-2	PLATE6_G01	IGHV2-5;IGHJ5-1	26	3.44	58.95	100000.00	100000.00	100000.00	100000.00	RBD	Class 1/2	951414.8		0.11265				0.114			5209.6	low				
HYBRID_VAC_TLS014_Plate 1	L18	SARS-CoV-2	PLATE6_G02	IGHV1-69;IGHJ4-1	18	7.64	18.17	100000.00	100000.00	100000.00	100000.00	RBD	Class 1/2	1120801.5		0.1026				0.112			9027.4	low				
HYBRID_VAC_TLS014_Plate 1	N07	SARS-CoV-2	PLATE6_G04	IGHV3-9;IGHJ6-1	15	6.60	540.58	100000.00	100000.00	100000.00	100000.00	NTD	4A8	1027932.348		0.09405				0.121			10990.0	low				
HYBRID_VAC_TLS014_Plate 1	N13	SARS-CoV-2	PLATE6_G05	IGHV1-69;IGHJ6-1	19	5.21	561.11	100000.00	100000.00	100000.00	100000.00	NTD	4A8	1272263.754	yes	0.3854	110017.9	Low		0.087			6481.6	low	8107.2	Low		
HYBRID_VAC_TLS014_Plate 1	N17	SARS-CoV-2	PLATE6_G06	IGHV1-2;IGHJ4-1	16	7.99	4.10	100000.00	100000.00	100000.00	100000.00	RBD	Class 1/2	1534611.6		0.0897				0.085			2751.7	N/A				
HYBRID_VAC_TLS014_Plate 1	O12	SARS-CoV-2	PLATE6_G09	IGHV3-23;IGHJ3-1	16	4.51	14.60	100000.00	100000.00	100000.00	100000.00	RBD	Class 1/2	1157288.2	yes	0.3197	322291.2	Low		0.101			22139.7	medium	6390.9	Low		
HYBRID_VAC_TLS014_Plate 2	B09	SARS-CoV-2	PLATE6_G11				168.82	100000.00	100000.00	100000.00	100000.00	RBD	Not competing	494796.4		0.12045				0.100			5263.0	low				
HYBRID_VAC_TLS014_Plate 2	B11	SARS-CoV-2	PLATE6_G12	IGHV4-39;IGHJ4-1	16	9.00	14.47	100000.00	100000.00	100000.00	100000.00	RBD	Class 1/2	1418337.6		0.13395				0.194			10244.7	low				
HYBRID_VAC_TLS014_Plate 2	B20	SARS-CoV-2	PLATE6_H02				51.94	100000.00	100000.00	100000.00	100000.00	RBD	Not competing	538762.1		0.11015				0.144			2737.7	N/A				
HYBRID_VAC_TLS014_Plate 2	B21	SARS-CoV-2	PLATE6_H03	IGHV3-23;IGHJ4-1	17	1.39	271.16	100000.00	100000.00	100000.00	100000.00	NTD	4A8	1156062.231		0.0932				0.113			11236.1	low				
HYBRID_VAC_TLS014_Plate 2	C04	SARS-CoV-2	PLATE6_H04	IGHV1-69;IGHJ5-1	18	2.78	16.15	100000.00	100000.00	100000.00	100000.00	RBD	Class 1/2	1110210.8		0.10135				0.146			2428.1	N/A				
HYBRID_VAC_TLS014_Plate 2	D03	SARS-CoV-2	PLATE6_H06	IGHV3-53;IGHJ6-1	13	8.07	217.49	76.89	100000.00	262.02	100000.00	RBD	Class 1/2	783477.8	yes	0.9082	418080.6	medium	yes	0.678	290619.2	Low	2431.5	N/A	2555.9	N/A	2463.3	N/A
HYBRID_VAC_TLS014_Plate 2	E11	SARS-CoV-2	PLATE6_H10	IGHV1-24;IGHJ4-1	16	4.51	380.01	100000.00	100000.00	100000.00	100000.00	NTD	4A8	1192774.91		0.1039				0.136			22231.0	medium				
HYBRID_VAC_TLS014_Plate 2	E15	SARS-CoV-2	PLATE6_H12	IGHV4-4;IGHJ5-1	17	7.64	217.44	100000.00	100000.00	100000.00	100000.00	NTD	4A8	840414.2473		0.0957				0.152			17694.1	medium				
HYBRID_VAC_TLS014_Plate 2	E17	SARS-CoV-2	PLATE7_A01	IGHV1-24;IGHJ1-1	21	4.86	818.87	100000.00	100000.00	100000.00	100000.00	S protein trimer	Not competing	1480439.068		0.0882				0.116			5284.6	low				
HYBRID_VAC_TLS014_Plate 2	E18	SARS-CoV-2	PLATE7_A02	IGHV1-2;IGHJ6-1	14	4.51	1168.88	100000.00	100000.00	100000.00	100000.00	NTD	4A8	1657595.52		0.135				0.123			12836.3	low				
HYBRID_VAC_TLS014_Plate 2	E20	SARS-CoV-2	PLATE7_A03	IGHV3-23;IGHJ4-1	19	7.32	1134.18	100000.00	100000.00	100000.00	100000.00	NTD	4A8	312.4193548		0.08515				0.104			13774.2	low				
HYBRID_VAC_TLS014_Plate 2	F02	SARS-CoV-2	PLATE7_A05	IGHV3-53;IGHJ6-1	24	8.45	18.94	100000.00	100000.00	100000.00	100000.00	RBD	Class 1/2	1773127.2		0.0901				0.097			4577.0	low				
HYBRID_VAC_TLS014_Plate 2	G05	SARS-CoV-2	PLATE7_A06				175.12	140.09	100000.00	290.10	6564.15	RBD	Class 1/2	1067884.6	yes	0.8319	307150.2	Low	yes	0.370	173671.7	Low	3580.0	N/A	1738.3	N/A	1861.1	N/A
HYBRID_VAC_TLS014_Plate 2	G07	SARS-CoV-2	PLATE7_A08	IGHV3-53;IGHJ4-1	11	10.21	115.48	100000.00	100000.00	100000.00	100000.00	RBD	Class 1/2	1538102.4		0.10505				0.095			3488.9	N/A				
HYBRID_VAC_TLS014_Plate 2	G18	SARS-CoV-2	PLATE7_A10				448.37	100000.00	100000.00	100000.00	100000.00	NTD	4A8	104067.9		0.0904				0.101			24320.0	medium				
HYBRID_VAC_TLS014_Plate 2	H02	SARS-CoV-2	PLATE7_A11	IGHV1-69;IGHJ3-1	15	4.51	1371.21	100000.00	100000.00	100000.00	100000.00	NTD	4A8	922466.5323		0.10065				0.090			15171.0	low				
HYBRID_VAC_TLS014_Plate 2	H08	SARS-CoV-2	PLATE7_B01	IGHV1-69;IGHJ4-1	14	6.94	1491.85	100000.00	100000.00	100000.00	100000.00	NTD	4A8	1452311.694		0.0957				0.154			16157.0	medium				
HYBRID_VAC_TLS014_Plate 2	H11	SARS-CoV-2	PLATE7_B02	IGHV1-46;IGHJ1-1	15	4.51	36.55	100000.00	100000.00	100000.00	100000.00	RBD	Class 1/2	1676622.6		0.1027				0.134			8913.8	low				
HYBRID_VAC_TLS014_Plate 2	H20	SARS-CoV-2	PLATE7_B03	IGHV1-24;IGHJ6-1	21	2.43	188.05	100000.00	100000.00	100000.00	100000.00	NTD	4A8	1535658.154		0.08795				0.125			24787.4	medium				
HYBRID_VAC_TLS014_Plate 2	I19	SARS-CoV-2	PLATE7_B06	IGHV1-24;IGHJ4-1	14	6.94	507.85	100000.00	100000.00	100000.00	100000.00	NTD	4A8	1550087.724		0.0907				0.091			20675.0	medium				
HYBRID_VAC_TLS014_Plate 2	I20	SARS-CoV-2	PLATE7_B07	IGHV1-69;IGHJ5-1	20	10.76	2805.92	100000.00	100000.00	100000.00	100000.00	RBD	Not competing	1241039.2	yes	0.98485	402353.4	medium		0.106			2496.7	N/A	3853.5	N/A		
HYBRID_VAC_TLS014_Plate 2	J11	SARS-CoV-2	PLATE7_B08	IGHV3-53;IGHJ6-1	12	6.34	229.82	100000.00	100000.00	100000.00	100000.00	RBD	Class 1/2	1119292.1		0.0892				0.094			3993.3	N/A				
HYBRID_VAC_TLS014_Plate 2	J17	SARS-CoV-2	PLATE7_B10	IGHV1-24;IGHJ4-1	18	5.21	784.87	100000.00	100000.00	100000.00	100000.00	NTD	4A8	1073159.005		0.09045				0.097			20115.6	medium				
HYBRID_VAC_TLS014_Plate 2	J19	SARS-CoV-2	PLATE7_B11	IGHV1-69;IGHJ6-1	14	6.60	1906.46	13480.70	4001.12	100000.00	100000.00	RBD	Class 3	1280996.1	yes	1.6985	543943.8	medium		0.161			2486.1	N/A	2723.5	N/A		
HYBRID_VAC_TLS014_Plate 2	J23	SARS-CoV-2	PLATE7_B12	IGHV3-53;IGHJ6-1	9	11.27	136.07	601.37	100000.00	336.11	100000.00	RBD	Class 1/2	924000.0	yes	1.2993	373630.5	Low	yes	0.431	449658.0	Medium	2708.4	N/A	2532.1	N/A	1469.0	N/A
HYBRID_VAC_TLS014_Plate 2	K03	SARS-CoV-2	PLATE7_C01	IGHV1-2;IGHJ5-1	15	5.56	5.37	100000.00	100000.00	100000.00	100000.00	RBD	Class 1/2	1679746.0		0.1059				0.137			14977.7	low				
HYBRID_VAC_TLS014_Plate 2	K05	SARS-CoV-2	PLATE7_C02	IGHV3-53;IGHJ3-1	12	7.04	37.81	26.73	13.39	9.47	18.94	RBD	Class 1/2	1111492.5	yes	1.6219	489655.6	medium	yes	1.433	528381.9	Medium	3141.7	N/A	1131.4	N/A	333.4	N/A
HYBRID_VAC_TLS014_Plate 2	K11	SARS-CoV-2	PLATE7_C03	IGHV3-53;IGHJ4-1	10	8.42	323.03	9136.68	100000.00	100000.00	100000.00	RBD	Class 1/2	733538.4	yes	0.994	280260.6	Low	yes	0.145	249119.2	Low	3671.1	N/A	4156.3	Low	6909.8	Low
HYBRID_VAC_TLS014_Plate 2	K15	SARS-CoV-2	PLATE7_C04	IGHV4-59;IGHJ6-1	19	3.09	605.27	100000.00	100000.00	100000.00	100000.00	NTD	4A8	1382152.554		0.09095				0.096			14397.8	low				
HYBRID_VAC_TLS014_Plate 2	K22	SARS-CoV-2	PLATE7_C05	IGHV3-23;IGHJ4-1	16	7.32	4262.62	100000.00	100000.00	100000.00	100000.00	NTD	4A8	1188449.283	yes	0.4214	64012.9	N/A		0.091			12923.6	low	13080.2	Low		
HYBRID_VAC_TLS014_Plate 2	L09	SARS-CoV-2	PLATE7_C06	IGHV1-69;IGHJ5-1	18	3.82	57.93	100000.00	100000.00	100000.00	100000.00	RBD	Class 1/2	922113.6		0.09365				0.089			3782.8	N/A				
HYBRID_VAC_TLS014_Plate 2	L10	SARS-CoV-2	PLATE7_C07				8.38	1184.64	100000.00	100000.00	100000.00	RBD	Class 1/2	1314810.3	yes	0.7701	676576.2	medium		0.098			15666.4	low	14219.0	Low		
																												