sequence_id	heavy	germline_heavy	CDRH1	CDRH2	CDRH3	light	germline_light	CDRL1	CDRL2	CDRL3
PLATE3_D05	VQLVESGGGLVRPGGSLRLSCAASGLTVSSNYMNWVRQAPGRGLEWVSIMYSGGSTFYADSVKGRFTISRDNSKNTLYLQMNGLRPEDTAVYYCARNLEIYGMDVWGQGTTVTVSS	IGHV3-66;IGHJ6	GLTVSSNY	MYSGGST	ARNLEIYGMDV	IQMTQSPSFLSASVGDRVTITCRASQGISRYLAWYQQKPGKAPKLLIYAASTLQTGVPSRFSGSGSGTEFTLTISSLQPEDIATYYCQQLNTDPPITFGQGTRLEIK	IGKV1-9;IGKJ5	QGISRY	AAS	QQLNTDPPIT
PLATE3_D09	VQLVESGGGLIQPGGSLRLACAASEVIVSYNYMSWVRQAPGKGLEWVSLIYPGGTTYYADSVQGRFTISRDNSKNTLYLQMKSLRVEDTAVYYCARHPYGRDVWGKGTAVFVSS	IGHV3-66;IGHJ6	EVIVSYNY	IYPGGTT	ARHPYGRDV	IQMTQSPSSLSASVGDRVTITCQASQDINNFLNWYQQKPGKAPNLLIHDASNLETGVPSRFSGSGSGTKFRFTISSLQPEDIATYYCEQYDNIPLSFGGGTKVEIQRTVAAPSVFIFPPSDEQLKSGTASVVCLLNNFYPREAKVQWKVDNALQSGNSQESVTEQDSKDSTYSLSSTLTLSKADYEKHKVYACEVTHQGLSSPVTKSFNRGECS	IGKV1-33;IGKJ4	QDINNF	DAS	EQYDNIPLS
PLATE3_F08	EVQLVESGGGLIQPGGSLRLSCAASEITVSSNYMSWVRQAPGKGLEWISLIYPGGSIYYADSVRGRFTISRDASKNTLFLQMNNLRADDTAVYYCARHPYGGAVWGRGTTVIVSA	IGHV3-66;IGHJ6	EITVSSNY	IYPGGSI	ARHPYGGAV	IQMTQSPSSLSASVGDRVSITCQASQDINKYLNWYQQKPGEAPKLLIYDTSNLETGVPSRFSGSGSGTHFTFTISGLQPEDIATYYCHQYDNIPLTFGGGTKVEIK	IGKV1-33;IGKJ4	QDINKY	DTS	HQYDNIPLT
PLATE3_G06	VQLVESGGGLVQPGGSLRLSCVASEITVSTNYMTWVRQAPGRGLEWVSVIYSGGSTFYADSVKGRFTISRDNSKNTLFLQMNSLRAEDTAVYYCARTFGELHFDHWGQGTLVTVSS	IGHV3-66;IGHJ4	EITVSTNY	IYSGGST	ARTFGELHFDH	IQMTQSPSTLSASVGDRVTITCRASMGIDDWVAWYQQKPGKAPQLLIYKTSSLQTGVPSRFSGSGSGTEFTLTISSLQPDDFATYFCQHLRGFGQGTRVEIK	IGKV1-5;IGKJ1	MGIDDW	KTS	QHLRG
PLATE4_B02	VQLVESGGGLVQPGGSLRLSCAASGVVVSSNYMNWVRQAPGKGLEWVSLMYSGGSTFYADSVEGRFTISRDNSRNTLFLQMDNLKPEDTAVYYCARDLAAYGMDVWGQGTMVTVSS	IGHV3-66;IGHJ6	GVVVSSNY	MYSGGST	ARDLAAYGMDV	VVTQPPSVSVAPGKTARITCGRSNSGSESVHWYQQKPGQAPVLVIYDDNDRPSGIPERFSGSNSGNAATLTISRVEAGDEADYYCQEWHGGSGHPRVFGTGTKVTVL	IGLV3-21;IGLJ1	NSGSES	DDN	QEWHGGSGHPRV
PLATE1_F06	VQLVESGGALVQPGGSLRLSCAASGIIVSRNYMSWVRQAPGKGLEWISIIYSGGSTFYADSVKARFTISRDDSNNTLYLHMSGLRVEDTGVYYCARDLFAAGGTDQWGQGTLVIVSS	IGHV3-66;IGHJ4	GIIVSRNY	IYSGGST	ARDLFAAGGTDQ	EIVMTQSPATLSLSPGKRATLSCRASQSFPNTYLAWYQQKPGQAPRLLIYGASSRAPGIPDRFSGSGSGTDFTLTISRLEPEDFAVYYCQQYGSSPYTFGQGTKLEIKNRVTPRRVSQSRTARTAPTASAAP*R*AKQTTRNTKSTP	IGKV3-20;IGKJ2	QSFPNTY	GAS	QQYGSSPYT
PLATE2_D05	VQLVESGGGLVQPGGSLRLSCAASGLSVSYNYMNWVRQAPGRGLEWVSLIYSGGSTYYADSVKGRFTISRDNSWNTLYLQMHSLRPEDTAVYYCSRYLPPQDSVWGLGTLVTVSS	IGHV3-66;IGHJ4	GLSVSYNY	IYSGGST	SRYLPPQDSV	IQMTQSPSSLSASVGDRVTITCQASQDINKYLNWYQQKPGKAPKLLIYDASNLQTGVPLRCSGSGFGTDFTFTISSLQPEDIATYYCQQYDNLPQTFGQGTKVEIK	IGKV1-33;IGKJ1	QDINKY	DAS	QQYDNLPQT
PLATE2_E07	VQLVESGGGLVQSGGSLRLSCAASGLIVSRNYMSWVRQAPGKGLEWVSVIYPGGSTFYADSVKGRFIISRDDSKDMLYLQMHSLRAEDTAVYFCARYLSVVGALDYWGQGTLVTVSS	IGHV3-66;IGHJ4	GLIVSRNY	IYPGGST	ARYLSVVGALDY	EIVMTQSPGTLCLSPGERATLSCRASQSVSSSHLAWYQQKPGQASRFLIYGASRATGIPDRFSGSGCGTDFTLTISRLEPEDFAVYYCHQYDSSLWTFGQGTKVEIK	IGKV3-20;IGKJ1	QSVSSSH	GAS	HQYDSSLWT
PLATE2_F01	VQLVESGGGLVQPGGSLRLSCTVSEFIVNRNYMSWVRQTPGKGLEWVSVIFSGGSTFYADSVKGRFTISRDNSKNTLYLQMNSLRVEDTAIYYCTRDFGNLYFDYWGQGTLVTVSS	IGHV3-66;IGHJ4	EFIVNRNY	IFSGGST	TRDFGNLYFDY	EIVMTQSPGTLSLSPGERATLSCRASQSVDSDSLAWYQQKRGQAPRLIIYDASNRASGIPDRFSGSGSGTDFTLTISRLEPEDFAVYYCQQYAGSPRTFGQGTEVDIK	IGKV3-20;IGKJ1	QSVDSDS	DAS	QQYAGSPRT
PLATE2_G01	EVQLVESGGGVVLPGGSLRLSCAGSGLVVSSNYMNWVRQAPGKGLEWVSVVYPGGSTFYADSVKGRFTISRDTSKNTLFLQMNSLRTDDTAVYYCAKMRWYQLPMRDIWGQGTTVIVSS	IGHV3-66;IGHJ6	GLVVSSNY	VYPGGST	AKMRWYQLPMRDI	IQMTQSPSTLSASVGDRVTITCQASQDIRNYLNWYQQKPGKVPKLLISDASNLETGVPSRFSGRGSGTEFTFTIDSLQPEDIATYYCLQYDNLPNTFGQGTRVGIK	IGKV1-33;IGKJ2	QDIRNY	DAS	LQYDNLPNT
PLATE4_C06	EVQLVESGGGLVQPGGSLRLSCAASGVTVASNYMTWVRQAPGKGLEWVSLMYAGGSTFYADSVKGRFIVSRDNSKNTLYLQMNNLRVYDTAVYYCARDLYVFGMDVWGQGTTVTVAS	IGHV3-53;IGHJ6	GVTVASNY	MYAGGST	ARDLYVFGMDV	IQMTQSPSFLSASVGDRVTITCRASPGISDNLAWYQQKPGKAPKLLIYSASTLQSGVPSRFSGSGSGTEFTLTISSLQPEDFASYYCQQRNSDSYTFGQGTKLEIK	IGKV1-9;IGKJ2	PGISDN	SAS	QQRNSDSYT
PLATE4_D10	VQLVESGGGLVQPGGSLRLSCAASDFIVSRNYMTWVRQAPGKGLEWVSIIYPGGTTYYADSVKGRFTISRDNSKNTLSLQMNSLRVEDTAVYYCTRETYRGPFWDSWGQGTLVTVSS	IGHV3-66;IGHJ4	DFIVSRNY	IYPGGTT	TRETYRGPFWDS	IQMTQSPSSLSASVGDRVTITCQASQDINKFLNWYQQKPGKAPNLLIYDASNLEIGVPSRFSGSGSGTDFTFTISALQPEDIATYYCLQYDNLPRTFGQGTKVEIK	IGKV1-33;IGKJ1	QDINKF	DAS	LQYDNLPRT
PLATE4_E09	VQLVESGGGLVQPGGSLRLSCAASTLTVSRNYMNWVRQAPGTGLEWVSVIYPGGTTYYADSVKGRFTVSRDDSKNILFLQMDSLRVEDTAMYYCSRPIMGATSGMDVWGQGTMVTVSSASTKGPSVFPLA	IGHV3-66;IGHJ6	TLTVSRNY	IYPGGTT	SRPIMGATSGMDV	IQMTQSPSSLSASVGDRVTIHCQASQDINNYLNWYQQKPGKAPQLLIYDASNLETGVPSRFSGSGSGTYFTFTISSLQPEDIATYYCQQHDNIPPTFGQGTKVEIK	IGKV1-33;IGKJ1	QDINNY	DAS	QQHDNIPPT
PLATE4_F06	EVQLVESGGGLVQPGGSLRLSCTASGVIVSANYMSWVRQAPGKGLEWVSVIYAGGSTFYSDSVKGRFSISRDNSKNTVYLQMNSLTAEDTAVYFCVRDLQYYGMDVWGQGTTVTVSS	IGHV3-66;IGHJ6	GVIVSANY	IYAGGST	VRDLQYYGMDV	IQMTQSPSFLSASVGDRVTITCRASQGISTHLAWYQQIPGKAPKLLVYGASTLQSGVPSRFSGSGSGTEFTLTISSLQPADSATYYCQHLHDYPLFGAGTKVEIK	IGKV1-9;IGKJ4	QGISTH	GAS	QHLHDYPL
PLATE4_G03	VQLVESGGGLVQPGGSLRLSCAASEITVSSNYMSWVRQAPGKGLEWVSILFAGGSTFYADSVKGRFTISRDKSKNTLYLQMNSLRAEDTAVYYCARDLVDDGMDVWGQGTTVTVSS	IGHV3-66;IGHJ6	EITVSSNY	LFAGGST	ARDLVDDGMDV	IQMTQSPSFLSASVGDRVTITCRASQGIGHNLAWYQQKPGKAPKLLIYAASTLQSGVPSRFSGSGSGTEFTLTISSLQPDDFATYYCQQLNSSPPKTFGQGTKVEIK	IGKV1-9;IGKJ1	QGIGHN	AAS	QQLNSSPPKT
PLATE4_G09	VQLVESGGGLVQPGGSLRLSCAASGIIVSSNYMSWVRQAPGKGLEWVSVVFSGGSTFYADSVKGRFTISSDNSKNTLYLQMNSLRAEDTAVYYCARDLGVVGGTDYWGQGALVTVSS	IGHV3-66;IGHJ4	GIIVSSNY	VFSGGST	ARDLGVVGGTDY	EIVMTQSPATLSVSPGERATLSCRASQSVSNNLAWYQQKPGQAPRLLIYGASTRATGIPARFSGSGSGTEFTLTISSLQSEDFAVYYCQQYNNWPPGYTFGQGTKLEIK	IGKV3-15;IGKJ2	QSVSNN	GAS	QQYNNWPPGYT
PLATE4_H12	VQLVQSGGGLVQPGGSLRLSCVASEIIVSSNYMSWVRQAPGKRLEWVSALFSGGSTFYADSIKGRFTISRDDSKNTLYLQMNSLRAEDTAVYYCARDLGPVGGSDYWGQGTHVIVSS	IGHV3-66;IGHJ4	EIIVSSNY	LFSGGST	ARDLGPVGGSDY	EIVMTQSPVTLSVSPGARVTLSCRASQSVSSNLAWYQQKPGQAPRLLIYGASTRATGVPARFSGSGSETEFSLTISSLQSEDFAIYFCQQYDNWPPDYTFGQGTKLEIK	IGKV3-15;IGKJ2	QSVSSN	GAS	QQYDNWPPDYT
PLATE5_B04	VQLVESGGGLVQSGGSLRLSCAVSEFIVNRNYVSWVRQAPGKGLEWVSVLYAGGSTFYADSVKGRFIISRDDSKNTLYLQMNSLGVEDTAVYYCVRDFGDFYFDYWGQGTLVTVSS	IGHV3-66;IGHJ4	EFIVNRNY	LYAGGST	VRDFGDFYFDY	AIQMTQSPSSFSASIGDRVTITCRASQGLSSSVAWYQHKAGKAPKLLIYDASTLQSGVPSRFSGSGSGTDFTLTINSLQSEDFATYFCQQYYSYPRTFGPGTKVEVK	IGKV1-8;IGKJ1	QGLSSS	DAS	QQYYSYPRT
PLATE5_B06	VQLVESGGGLVQPGGSLRLSCAASEITVRSNYMIWVRQAPGKGLEWVSVLYPGGTTDYADSVKGRFTISRDTSKNTLYLQMNSLRAEDTAVYYCARDLVSNGMDVWGQGTTVTVSA	IGHV3-66;IGHJ6	EITVRSNY	LYPGGTT	ARDLVSNGMDV	IQMTQSPSFQSASVGDRVTITCRASQGISSYLAWYQQKPGKAPKLLIYAASTLQSGVPSRFSGSGSGTEFTLTISSLQPEDFASYYCQLLNTYPITFGPGTKVEIK	IGKV1-9;IGKJ3	QGISSY	AAS	QLLNTYPIT
PLATE5_B11	VQLVESGGDLVQPGGSLRLSCAASGFTVSSNYMNWVRQAPGKGLEWVSVIYSGGSTFYTDSVKGRFTVSRDNSKNTLYLQMNSLRAEDTAVYFCARETPHKNYYDILEDWGQGTLVIVSS	IGHV3-66;IGHJ4	GFTVSSNY	IYSGGST	ARETPHKNYYDILED	IQMTQSPSFLSASVGDRVTITCRASQGISTYLAWYQQKPGKAPKLLIYGASSLQSGVPSRFSGSGSGTEFTLTISSLQPEDFATYYCQQLNSSPPRYTFGQGTKLEIK	IGKV1-9;IGKJ2	QGISTY	GAS	QQLNSSPPRYT
PLATE5_C05	VQLVESGGGLVQPGGSLRLSCAASGLTVRSNYMSWVRQAPGKGLEWVSVIYAGGSTFYADSVKGRFSISRHNSENTLFLQMNSLRLEDTAVYYCVRDAIYYGLDVWGHGTMVTVSS	IGHV3-53;IGHJ6	GLTVRSNY	IYAGGST	VRDAIYYGLDV	IQMTQSPSSLSASLGDRVTITCRASQSINNYLNWYQQRPGKAPKLLIYAASSLQSGVPSRFSGSGSGTEFTLTISSLQPEDFATYYCQQSFTSLSMHTFGQGTKLDIN	IGKV1-39;IGKJ2	QSINNY	AAS	QQSFTSLSMHT
PLATE5_C06	EVQLVESGGGLVQPGGSLRLSCAASEIIVSRNYMSWVRQAPGKGLEWVSVIYAGGSTDYADSVKGRFTISRDNSKNTLYLQMNSLRVEDTGVYYCARDLVSSGMDVWGQGTTVTVSS	IGHV3-66;IGHJ6	EIIVSRNY	IYAGGST	ARDLVSSGMDV	IQMTQSPSFLSASVGDSVTITCRASQGISNYLAWYQQKPGKAPELLIYAASTLQSGVPSRFSGSGSGTEFALTISSLQPGDFATYYCQLLNTYPFPFGPGTKVDIK	IGKV1-9;IGKJ3	QGISNY	AAS	QLLNTYPFP
PLATE5_C07	EVQLVESGGGLVRPGGSLRLSCAASGIIVSSNYMSWVRQAPGKGLEWVSLLFAGGSTFYADSVKGRFTISRDNSKNTLYLQMDSLRAEDTAVYYCARDLGVAGGTDYWGQGALVTVSS	IGHV3-66;IGHJ4	GIIVSSNY	LFAGGST	ARDLGVAGGTDY	EIVMTQSPGTLSLSPGERATLSCRASQSVRSNYLAWYQQKPGQAPRLVIHSASSRATGIPDRFSGSGSGTDFTLTISGVEAEDFAVYHCQQYGTSPWTFGQGTKVEMK	IGKV3-20;IGKJ1	QSVRSNY	SAS	QQYGTSPWT
PLATE5_C08	VQLVESGGGLVQPGGSLRLSCAASGIVVNYNYMSWVRQAPGKGLEWVALVYSGGTTYYADSVKGRFTVSRDHSKNTLYLQMNSLRTEDTAVYYCVRIVADDFWGQGTLVTVSS	IGHV3-66;IGHJ4	GIVVNYNY	VYSGGTT	VRIVADDF	IQMTQSPSSLSASIGDRVTITCQASQDIYNYVNWYQQKLGKAPKLLIYETSKLATGVPSRFSGSGSGTDYTFTITSLQPEDIATYYCQHYDNLPPMLITFGQGTRLEIK	IGKV1-33;IGKJ5	QDIYNY	ETS	QHYDNLPPMLIT
PLATE5_C09	VQLVESGGGLVQPGGSLRLSCAASGVIVSRNYMTWVRQAPGKGLEWVSVIYAGGSTFYADSVKGRFTISRDNSENTLYLQMNSLRAEDTAVYYCARDLITDGMDVWGQGTIVTVSS	IGHV3-66;IGHJ6	GVIVSRNY	IYAGGST	ARDLITDGMDV	IQMTQSPSFLSASVGDRVTITCRASQGVSSDLAWYQQRPGKAPKLLIYAASTLQSGVPSRFSGSGSGTEFTLTISSLQPEDYATYYCQQVNSYRSIFGPGTKVDIK	IGKV1-9;IGKJ3	QGVSSD	AAS	QQVNSYRSI
PLATE5_C10	EVQLVESGGGLVQPGGSLRLSCAASEITVSSNYMSWVRQSPGKGLEWVSLVYAGGSTYYADSVKGRFTISRDNSKNTMFLQMNGLRAEDTAVYFCARDRGYGEINWGQGTLVTVSS	IGHV3-66;IGHJ4	EITVSSNY	VYAGGST	ARDRGYGEIN	IQMTQSPSSLSASVGDRVTITCQASQDINKYLNWYQQKPGKAPKLLIYDASNLETGVPSRFSGSGSGTDFIFTISSLQPEDIATYYCQQYDNLPRTFGQGTKLEIK	IGKV1-33;IGKJ2	QDINKY	DAS	QQYDNLPRT
PLATE5_D08	VQLVESGGGLVQPGGSLRLSCAASGFSVSSTYMTWVRQAPGTGLEWVSLIYSNGRTYYADSVEGRFTISRDSSKNTLYLQMNSLRVEDTAVYYCARGDLAASRGSIRELWGRGTTVIVSS	IGHV3-66;IGHJ6	GFSVSSTY	IYSNGRT	ARGDLAASRGSIREL	EIVMTQSPDSLAVSLGERATINCKSNQTILYISNNKNFLAWYQKKPGQPPKLLIYWASTRESGVPDRFSGSGSGTDFTLTISSLQAEDVAVYYCQQYYSTPITFGQGTRLDIK	IGKV4-1;IGKJ5	QTILYISNNKNF	WAS	QQYYSTPIT
PLATE5_E02	VQLVQSGGGLVQPGGSLRLSCAASGVIVSANYMSWVRQAPGKGLEWVSVLYAGGTTHYADAVKGRFTISRDNSKNTLYLQMNSLRAEDTAVYYCARDLVVYGMDVWGQGTTVTVSS	IGHV3-66;IGHJ6	GVIVSANY	LYAGGTT	ARDLVVYGMDV	IQMTQSPSFLSASVGDRVTITCRASQGFNNDLAWYQQKPGKAPKLLIYAASTLQSGVPSRFSGSGSGTEFTLTISSLQPEDFATYYCQQLNSYPFTFGPGTKVDIK	IGKV1-9;IGKJ3	QGFNND	AAS	QQLNSYPFT
PLATE5_G08	EVQLVESGGGVVQPGGSLRVSCEASEIIVSSNYMSWVRQAPGKGLEWVSTVFSGGSTFYAESVKGRFTISTDNSKNTLYLHMNRLRVEDTAVYYCTRDLGVVGGTDYWGQGALVTVSS	IGHV3-66;IGHJ4	EIIVSSNY	VFSGGST	TRDLGVVGGTDY	EIVMTQSPVTLSVSPGERATLSCRASQSVYSNLAWYQQKPGQAPRLLIYEASTRATDIPARFSGSGSGTDFTLTISSLQSEDFAIYFCQQYTNWPPGYTFGQGTKLEIK	IGKV3-15;IGKJ2	QSVYSN	EAS	QQYTNWPPGYT
PLATE5_G09	EVQLVESGGGLVQPGGSLRLSCAASGFIVSRNYMSWVRQAPGKGLEWVSVIYSGGSTFYADSVKGRFTTSRDHSKNTLYLEMNSLRAEDTAVYFCARDYGDFYFDYWGQGTLVTVSS	IGHV3-66;IGHJ4	GFIVSRNY	IYSGGST	ARDYGDFYFDY	AIQMTQSPSSLSASTGDRVTITCRASQGINSELAWYQQKAGKSPELLIYAASTLQSGVPSRFSGSGSGTDFTLSISRLQSEDFATYYCQQYYSFPRTFGQGTKVEIK	IGKV1-8;IGKJ1	QGINSE	AAS	QQYYSFPRT
PLATE5_H06	VQLVESGGGLVQPGGSLRLSCAASGVTVSSNYMSWVRQAPGKGLEWVSVIYSGGSTFYADSVKGRFTISRDSSKNTLFLQMNSLRAEDTAVYYCARMLPISGDYFDYWGQGTLVTVSS	IGHV3-66;IGHJ4	GVTVSSNY	IYSGGST	ARMLPISGDYFDY	IQMTQSPSSLSASVGDSVTISCRASQDINKFLTWYQQKPGTAPKLLIYAASTLQSGVPSRFSGSGFGTDFSLTISSLQPEDFATYFCQQSSSAPYTFGQGTKLEVK	IGKV1-39;IGKJ2	QDINKF	AAS	QQSSSAPYT
PLATE6_A07	VQLVESGGGLVQPGGSLRLSCAASGIIVSSNYMSWVRQAPGKGLEWVSVVFSGGSTFYADSVKGRFTISSDNSKNTLYLQMNSLRAEDTAVYYCARDLGVVGGTDYWGQGALVTVSS	IGHV3-66;IGHJ4	GIIVSSNY	VFSGGST	ARDLGVVGGTDY	EIVMTQSPATLSVSPGERATLSCRASQSVSSNLAWYQQKPGQAPRLLIYGASTRATGIPARFSGSGSGTEYTLTISSLQSEDFAVYYCQQYINWPPGYTFGQGTKLEIK	IGKV3-15;IGKJ2	QSVSSN	GAS	QQYINWPPGYT
PLATE6_A12	VQLVESGGELVQPGGSLTLSCAASEIVVSLNYMRWVRQAPGKGLEWVSLIYAGGSTFYADSVKGRFTISRDNSKNTLYLQMRSLRVEDSAVYYCARDLVTDGMDVWGQGTTVTVSS	IGHV3-66;IGHJ6	EIVVSLNY	IYAGGST	ARDLVTDGMDV	IQMTQSPSFLSASVGDRVTIACRASQGIASSLAWYQQKPGKAPKLLIFAASTLQSGVPSRFSGSGSGTEFALTISGLQPEDFATYYCQQLDASTITFGPGTKVEIK	IGKV1-9;IGKJ3	QGIASS	AAS	QQLDASTIT
PLATE6_B05	EVQLVESGGGLVQPGGSLRLSCAASGIAVSLNYMRWVRQAPGKGLEWVSIIYAGGSTFYADSVKDRFTISRDNSKNTLYLQLNSLRAEDTAVYYCARDLVSYGMDVWGQGTTVTVSS	IGHV3-66;IGHJ6	GIAVSLNY	IYAGGST	ARDLVSYGMDV	IQMTQSPSFLSASVGDRVTITCRASQGISSSLAWYQQKPGKAPKLLIYAASTLQSGVPSRFSGSGSGTEFTLTISSLQPEDFATYYCQQLDADTITFGPGTKVEIK	IGKV1-9;IGKJ3	QGISSS	AAS	QQLDADTIT
PLATE6_D09	VQLVESGGDLIQPGGSLRLSCAASEIIVSRNYMNWVRQAPGKGLEWVSVVYPGGSTFYAESVKGRFVISRDNSKNTLYLHMNGLTVNDTAVYYCARQAYGMDVWGQGTKVTVSS	IGHV3-53;IGHJ6	EIIVSRNY	VYPGGST	ARQAYGMDV	EIVMTQSPGTLSVSPGERATLSCRASEGISSTYLAWYQQRAGQAPRLLIHGASSRAAGIPDRFTGSGSGTDFTLSITRLEPEDVAVYYCQQYGDSPATFGQGTRVEVK	IGKV3-20;IGKJ1	EGISSTY	GAS	QQYGDSPAT
PLATE6_F12	VQLVESGGDLIQPGGSLRLSCAASEIIVSRNYMNWVRQAPGKGLEWVSVVYPGGSTFYAESVKGRFVISRDNSKNTLYLHMNGLTVNDTAVYYCAREAYGMDVWGQGTTVTVSS	IGHV3-53;IGHJ6	EIIVSRNY	VYPGGST	AREAYGMDV	EIVMTQSPGTLSVSPGERATLSCRASQGISSTYLAWYQQKPGQAPRLLIYGASSRATGIPDRFTGSGSGTDFTLSITRLEPEDFAVYYCQQYGDSPGTFGQGTRVEIK	IGKV3-20;IGKJ1	QGISSTY	GAS	QQYGDSPGT
PLATE6_H06	EVQLVQSGGALIQPGGSLRLSCAASGLTVSANYMSWFRQAPGKGLEWVSIIYSGGSAFYAGSVKGRFTISRDNSRNTLYLQMNNLRADDTAVYFCARPIVGGREGMDVWGQGTTVTVSS	IGHV3-53;IGHJ6	GLTVSANY	IYSGGSA	ARPIVGGREGMDV	IQMTQSPSSLSASVGDRVTITCQASQDTNKYLNWYQQKPGKAPKLLIYDASNLETGVPSRFSGSGSGTNFTFSITDLQPEDIATYYCHQYDNLPYAFGQGTKLEIK	IGKV1-33;IGKJ2	QDTNKY	DAS	HQYDNLPYA
